a-mannosidosis	Alpha-Mannosidosis
a-thal	Alpha-Thalassemia
aadc-def	Aromatic L-Amino Acid Decarboxylase Deficiency
aars2-dis	AARS2-Related Disorder
ab-lipo-p	Abetalipoproteinemia
abs	Cytochrome P450 Oxidoreductase Deficiency
accpn	Hereditary Motor and Sensory Neuropathy with Agenesis of the Corpus Callosum
achm	Achromatopsia
achon1b	Achondrogenesis Type 1B
achondroplasia	Achondroplasia
acp	Aceruloplasminemia
acpp	Andersen-Tawil Syndrome
actg2-dis	ACTG2 Visceral Myopathy
ada	Adenosine Deaminase Deficiency
ada2-def	Adenosine Deaminase 2 Deficiency
adamtsl4-eyes	ADAMTSL4-Related Eye Disorders
adcy5-dysk	ADCY5-Related Movement Disorder
adnfle	Autosomal Dominant Sleep-Related Hypermotor (Hyperkinetic) Epilepsy
adnp-dis	ADNP-Related Helsmoortel-Van der Aa Syndrome
advanced	GeneReviews Advanced Search
aec	TP63-Related Disorders
aff4-chops	AFF4-Related CHOPS Syndrome
ags	Aicardi-Goutières Syndrome
agu	Aspartylglucosaminuria
ahc	NR0B1-Related Adrenal Hypoplasia Congenita
aic	Aicardi Syndrome
aip	Acute Intermittent Porphyria
alagille	Alagille Syndrome
alexander	Alexander Disease
alk-nbs	ALK-Related Neuroblastic Tumor Susceptibility
alkap	Alkaptonuria
alpers	POLG-Related Disorders
alpha1-a	Alpha-1 Antitrypsin Deficiency
alpk1-auto	ALPK1-Related Autoinflammatory Disease
alport	Alport Syndrome
alps	Autoimmune Lymphoproliferative Syndrome
als-ftd	C9orf72 Frontotemporal Dementia and/or Amyotrophic Lateral Sclerosis
als-overview	Amyotrophic Lateral Sclerosis Overview
alstrom	Alström Syndrome
alzheimer	Alzheimer Disease Overview
amish-mcph	SLC25A19-Related Thiamine Metabolism Dysfunction
amrf	SCARB2-Related Action Myoclonus – Renal Failure Syndrome
androgen	Androgen Insensitivity Syndrome
angelman	Angelman Syndrome
aniridia	PAX6 Aniridia Syndrome
ankrd17-nds	ANKRD17-Related Neurodevelopmental Syndrome
ankrd26	ANKRD26-Related Thrombocytopenia
ano5-md	ANO5-Related Muscle Disease
ao2	SLC26A2-Related Atelosteogenesis
aoa2	Ataxia with Oculomotor Apraxia Type 2
ap4-def	AP-4-Associated Hereditary Spastic Paraplegia
apbd	GBE1 Adult Polyglucosan Body Disease
apds	Activated PI3K Delta Syndrome
apert	Apert Syndrome
apob-hbl	APOB-Related Familial Hypobetalipoproteinemia
aprt-def	Adenine Phosphoribosyltransferase Deficiency
arg1	Arginase Deficiency
args-aciduria	Argininosuccinate Lyase Deficiency
arid1b-dis	ARID1B-Related Disorder
arsacs	ARSACS
arterial-t	Arterial Tortuosity Syndrome
arts	Phosphoribosylpyrophosphate Synthetase Deficiency
arvd	Arrhythmogenic Right Ventricular Cardiomyopathy Overview
as-def	Asparagine Synthetase Deficiency
asah1	ASAH1-Related Disorders
aspm-pm	ASPM Primary Microcephaly
asxl3	ASXL3-Related Disorder
ataxia-telangiectas	Ataxia-Telangiectasia
ataxias	Hereditary Ataxia Overview
atm-cpd	ATM-Related Cancer Predisposition
atn1-ndd	ATN1-Related Neurodevelopmental Disorder
au-kline	Au-Kline Syndrome
authors	Author List
aved	Ataxia with Vitamin E Deficiency
ayme-gripp	Aymé-Gripp Syndrome
b-mannosidosis	Beta-Mannosidosis
b-thal	Beta-Thalassemia
bachmann-bupp	Bachmann-Bupp Syndrome
bap1-tpds	BAP1 Tumor Predisposition Syndrome
baraitser-winter	Baraitser-Winter Cerebrofrontofacial Syndrome
barth	Barth Syndrome
bbs	Bardet-Biedl Syndrome Overview
bcl11a-id	BCL11A-Related Intellectual Disability
bcns	Nevoid Basal Cell Carcinoma Syndrome
beck-fahrner	TET3-Related Beck-Fahrner Syndrome
bethlem	Collagen VI-Related Dystrophies
bfns	KCNQ2-Related Disorders
bgc	Primary Familial Brain Calcification Overview
bgd-biotin	Biotin-Thiamine-Responsive Basal Ganglia Disease
bgs	Baller-Gerold Syndrome
bhd	Birt-Hogg-Dubé Syndrome
bietti-cd	Bietti Crystalline Dystrophy
biotin	Biotinidase Deficiency
bloom	Bloom Syndrome
bofs	Branchiooculofacial Syndrome
bohring-opitz	ASXL1-Related Bohring-Opitz Syndrome
bor	Branchiootorenal Spectrum Disorder
bpan	Beta-Propeller Protein-Associated Neurodegeneration
bpes	Blepharophimosis, Ptosis, and Epicanthus Inversus Syndrome
brca1	BRCA1- and BRCA2-Associated Hereditary Breast and Ovarian Cancer
brugada	Brugada Syndrome
brylib	Bryant-Li-Bhoj Neurodevelopmental Syndrome
burn-mckeown	TXNL4A-Related Craniofacial Disorders
bvd	Bestrophinopathies
bws	Beckwith-Wiedemann Syndrome
ca5a-def	Carbonic Anhydrase VA Deficiency
cach	Childhood Ataxia with Central Nervous System Hypomyelination / Vanishing White Matter
cact-def	Carnitine-Acylcarnitine Translocase Deficiency
cadasil	CADASIL
caffey	Caffey Disease
cah	21-Hydroxylase-Deficient Congenital Adrenal Hyperplasia
campo-dysp	Campomelic Dysplasia
canavan	Canavan Disease
cantu	Cantú Syndrome
carasil	HTRA1 Disorder
carney	Carney Complex
cask-dis	CASK Disorders
cbl	Disorders of Intracellular Cobalamin Metabolism
cc2-leuk	CLCN2-Related Leukoencephalopathy
cca	Congenital Contractural Arachnodactyly
ccd	Cleidocranial Dysplasia Spectrum Disorder
ccfdn	CTDP1-Related Congenital Cataracts, Facial Dysmorphism, and Neuropathy
ccm	Familial Cerebral Cavernous Malformations
cd-chst3	Chondrodysplasia with Congenital Joint Dislocations, CHST3-Related
cda1	Congenital Dyserythropoietic Anemia Type I
cdg-1a	PMM2-CDG
cdk13-dis	CDK13-Related Disorder
cdkl5-def	CDKL5 Deficiency Disorder
cdkn2a-cpd	CDKN2A Cancer Predisposition
cdls	Cornelia de Lange Syndrome
cdp1-xlr	Chondrodysplasia Punctata 1, X-Linked
cdsp	Primary Carnitine Deficiency
ce-dysp	Cranioectodermal Dysplasia
cebpa-aml	CEBPA-Associated Familial Acute Myeloid Leukemia
ced	Camurati-Engelmann Disease
celiac	Celiac Disease
cep	Congenital Erythropoietic Porphyria
cetp-def	CETP-Related Hyperalphalipoproteinemia
cf	Cystic Fibrosis
cfc	Cardiofaciocutaneous Syndrome
cfeom	Congenital Fibrosis of the Extraocular Muscles Overview
cgd	Chronic Granulomatous Disease
chac	VPS13A Disease
char	Char Syndrome
charge	CHD7 Disorder
chchd10-dis	CHCHD10-Related Disorders
chd2-dis	CHD2-Related Neurodevelopmental Disorders
chd4-ndd	CHD4 Neurodevelopmental Disorder
chd8-ndd-og	CHD8-Related Neurodevelopmental Disorder with Overgrowth
chediak-higashi	Chediak-Higashi Syndrome
chek2-cpd	CHEK2-Related Cancer Predisposition
cherubism	Cherubism
chh	Cartilage-Hair Hypoplasia – Anauxetic Dysplasia Spectrum Disorders
chkb-md	CHKB-Related Muscular Dystrophy
chol-liver-ov	Pediatric Genetic Cholestatic Liver Disease Overview
choroid	Choroideremia
christianson	Christianson Syndrome
chrom17-lis	PAFAH1B1-Related Lissencephaly / Subcortical Band Heterotopia
cip-overview	Congenital Insensitivity to Pain Overview
ciss	Cold-Induced Sweating Syndrome Including Crisponi Syndrome
citrin	Citrin Deficiency
clcn4-ndd	CLCN4-Related Neurodevelopmental Disorder
clcn7	CLCN7-Related Osteopetrosis
cln3-dis	CLN3-Related Disorder
clpb-def	CLPB Deficiency
cls	RPS6KA3-Related Intellectual Disability
cmr	Chylomicron Retention Disease
cms	Congenital Myasthenic Syndromes Overview
cmt	Charcot-Marie-Tooth Hereditary Neuropathy Overview
cmt2a	MFN2 Hereditary Motor and Sensory Neuropathy
cmt2c	Autosomal Dominant TRPV4-Related Disorders
cmt2d	GARS1-Associated Axonal Neuropathy
cmt4c	SH3TC2-Related Hereditary Motor and Sensory Neuropathy
cmtc	Isolated and Classic Cutis Marmorata Telangiectatica Congenita
cmtx	GJB1 Disorders: Charcot-Marie-Tooth Neuropathy (CMT1X) and Central Nervous System Phenotypes
cnot1-vibos	CNOT1-Related Vissers-Bodmer Syndrome
cockayne	Cockayne Syndrome
coffin-siris	Coffin-Siris Syndrome
cohen	Cohen Syndrome
col4a1-dis	COL4A1-Related Disorders
collagen-2	Type II Collagen Disorders Overview
contact_us	Contact Us
coq10-def	Primary Coenzyme Q10 Deficiency Overview
costello	HRAS-Related Costello Syndrome
cpt1a	Carnitine Palmitoyltransferase 1A Deficiency
cpt2	Carnitine Palmitoyltransferase II Deficiency
cranio-md	Autosomal Dominant Craniometaphyseal Dysplasia
craniosynostosis	FGFR Craniosynostosis Syndromes Overview
creatine	Creatine Deficiency Disorders
csc-dys	Congenital Stromal Corneal Dystrophy
csnb	X-Linked Congenital Stationary Night Blindness
csnk2b-ndd	CSNK2B-Related Neurodevelopmental Disorder
ctcf-dis	CTCF-Related Disorder
ctlm	Citrullinemia Type I
ctnnb1-ndd	CTNNB1 Neurodevelopmental Disorder
ctns	Cystinosis
ctx	Cerebrotendinous Xanthomatosis
cutis-laxa	ATP6V0A2-Related Cutis Laxa
cvt	Catecholaminergic Polymorphic Ventricular Tachycardia
cyclic-n	ELANE-Related Neutropenia
cyld-cs	CYLD Cutaneous Syndrome
cystinuria	Cystinuria
danon	Danon Disease
dbh	Dopamine Beta-Hydroxylase Deficiency
dbmd	Dystrophinopathies
dcm-lmna	LMNA-Related Dilated Cardiomyopathy
dcm-ov	Dilated Cardiomyopathy Overview
dcx	DCX-Related Disorders
ddon	Deafness-Dystonia-Optic Neuronopathy Syndrome
ddx3x-ndd	DDX3X-Related Neurodevelopmental Disorder
ddx41-mds	DDX41-Associated Familial Myelodysplastic Syndrome and Acute Myeloid Leukemia
deafness-overview	Genetic Hearing Loss Overview
del16p11_2	16p11.2 Recurrent Deletion
dent	Dent Disease
depdc5-epilepsy	DEPDC5-Related Epilepsy
df-lamm	Congenital Deafness with Labyrinthine Aplasia, Microtia, and Microdontia
dfna2	DFNA2 Nonsyndromic Hearing Loss
dfnb1	GJB2-Related Autosomal Recessive Nonsyndromic Hearing Loss
dfnb9	OTOF-Related Hearing Loss
dguok-mtddepl	Deoxyguanosine Kinase Deficiency
dhpr-def	Dihydropteridine Reductase Deficiency
diamond-b	DBA Syndrome
diastrophic-d	Diastrophic Dysplasia
dkc	Dyskeratosis Congenita and Related Telomere Biology Disorders
dld-def	Dihydrolipoamide Dehydrogenase Deficiency
dlg4-synap	DLG4-Related Synaptopathy
dmn	Permanent Neonatal Diabetes Mellitus
dmtn	6q24-Related Transient Neonatal Diabetes Mellitus
dnajc6-pd	DNAJC6 Parkinson Disease
dnmt1-ddsn	DNMT1-Related Disorder
donnai	Donnai-Barrow Syndrome
drd	GTP Cyclohydrolase 1-Deficient Dopa-Responsive Dystonia
drpla	DRPLA
drrs	SALL4-Related Disorders
duane	Duane Syndrome
duarte-gal	Duarte Galactosemia
dup15q	Maternal 15q Duplication Syndrome
dup17q12	17q12 Recurrent Duplication
dup7q11_23	7q11.23 Duplication Syndrome
dync1h1-dis	DYNC1H1-Related Disorders
dyrk1a-id	DYRK1A Syndrome
dystonia	DYT-TOR1A
dystonia-ov	Monogenic Isolated Dystonia Overview
ea1	Episodic Ataxia Type 1
eb-pa	Epidermolysis Bullosa with Pyloric Atresia
ebd	Dystrophic Epidermolysis Bullosa
ebf3-ndd	EBF3 Neurodevelopmental Disorder
ebj	Junctional Epidermolysis Bullosa
ebs	Epidermolysis Bullosa Simplex
eccl	Encephalocraniocutaneous Lipomatosis
echs1-def	Mitochondrial Short-Chain Enoyl-CoA Hydratase Deficiency
ed2	Hidrotic Ectodermal Dysplasia 2
edm	SLC26A2-Related Multiple Epiphyseal Dysplasia
edm-ad	Multiple Epiphyseal Dysplasia, Autosomal Dominant
edmd	Emery-Dreifuss Muscular Dystrophy
eds	Classic Ehlers-Danlos Syndrome
eds-mc	Musculocontractural Ehlers-Danlos Syndrome
eds-pd	Periodontal Ehlers-Danlos Syndrome
eds3	Hypermobile Ehlers-Danlos Syndrome
eds4	Vascular Ehlers-Danlos Syndrome
eds6	PLOD1-Related Kyphoscoliotic Ehlers-Danlos Syndrome
ee	Ethylmalonic Encephalopathy
eed-og	EED-Related Overgrowth
efemp2-cutis-laxa	EFEMP2-Related Cutis Laxa
el-hattab-alkuraya	El-Hattab-Alkuraya Syndrome
eln-cutis-laxa	ELN-Related Cutis Laxa
emanuel	Emanuel Syndrome
emc10-ndd	EMC10-Related Neurodevelopmental Disorder
entpd1-ndd	ENTPD1-Related Neurodevelopmental Disorder
epas1-gofs	Mosaic EPAS1 Gain-of-Function Spectrum
epb42-spherocytosis	EPB42-Related Hereditary Spherocytosis
epg5	EPG5-Related Disorder
epm1	Progressive Myoclonic Epilepsy Type 1
epp-ar	Erythropoietic Protoporphyria, Autosomal Recessive
epp-xl	X-Linked Protoporphyria
etha	SCN9A Neuropathic Pain Syndromes
etv6-tpl	ETV6-Related Thrombocytopenia and Predisposition to Leukemia
evc	Ellis-van Creveld Syndrome
exoc6b-semd	EXOC6B-Related Spondyloepimetaphyseal Dysplasia with Joint Laxity
exosc3-pc-hypo-p	EXOSC3 Pontocerebellar Hypoplasia
ext	Hereditary Multiple Osteochondromas
fa	Fanconi Anemia
fabry	Fabry Disease
factor-v-leiden	Factor V Leiden Thrombophilia
fahn	Fatty Acid Hydroxylase-Associated Neurodegeneration
fam111a-dysp	FAM111A-Related Skeletal Dysplasias
fap	APC-Associated Polyposis Conditions
fars2-def	FARS2 Deficiency
fastkd2-coxpd	FASTKD2-Related Combined Oxidative Phosphorylation Deficiency
fbln5-cutis-laxa	FBLN5-Related Cutis Laxa
fbxl4-mtddepl	FBXL4-Related Encephalomyopathic Mitochondrial DNA Depletion Syndrome
fch	Familial Combined Hypolipidemia
fcmd	Fukuyama Congenital Muscular Dystrophy
fd	Familial Dysautonomia
feingold	Feingold Syndrome 1
fg	MED12-Related Disorders
fgd1-fgd	FGD1-Related Faciogenital Dysplasia (Aarskog-Scott Syndrome)
fgf14-ataxia	GAA-FGF14-Related Ataxia
fhm	Familial Hemiplegic Migraine
fhs	SRCAP-Related Floating-Harbor Syndrome
fkbp14-keds	FKBP14 Kyphoscoliotic Ehlers-Danlos Syndrome
flnb-dis	FLNB-Related Disorders
fmf	Familial Mediterranean Fever
focal-dh	PORCN-Related Developmental Disorders
folate-mal	Hereditary Folate Malabsorption
folr1-cft-def	FOLR1-Related Cerebral Folate Transport Deficiency
fop	Fibrodysplasia Ossificans Progressiva
foxg1-ndd	FOXG1 Syndrome
foxp1	FOXP1 Syndrome
foxp2-sl-dis	FOXP2-Related Speech and Language Disorder
fragilex	FMR1 Disorders
friedreich	Friedreich Ataxia
fructose1-6-def	Fructose-1,6-Bisphosphatase 1 Deficiency
fryns	Fryns Syndrome
fsh	Facioscapulohumeral Muscular Dystrophy
ftd-chmp2b	CHMP2B-Related Frontotemporal Dementia-Amyotrophic Lateral Sclerosis
ftd-grn	GRN Frontotemporal Dementia
ftdp-17	MAPT-Related Frontotemporal Dementia
fucosidosis	Fucosidosis
fum	Fumarate Hydratase Deficiency
g6pc3-def	G6PC3 Deficiency
gabriele-devries	Gabriele-de Vries Syndrome
gaci	Generalized Arterial Calcification of Infancy
galactosemia	Classic Galactosemia and Clinical Variant Galactosemia
gale-def	Epimerase Deficiency Galactosemia
gan	GAN-Related Neurodegeneration
gata1	GATA1-Related Cytopenia
gaucher	Gaucher Disease
gcps	GLI3-Related Greig Cephalopolysyndactyly Syndrome
gefs	SCN1A Seizure Disorders
geleophys-dysp	Geleophysic Dysplasia
glossary	GeneReviews Glossary
glut1	Glucose Transporter Type 1 Deficiency Syndrome
glutaric-a1	Glutaric Acidemia Type 1
gm1-ganglio	GLB1-Related Disorders
gm2a-def	GM2 Activator Deficiency
gm3-def	GM3 Synthase Deficiency
gnai1-ndd	GNAI1-Related Neurodevelopmental Disorder
gnal-dystonia	DYT-GNAL
gnao1-dis	GNAO1-Related Disorder
gnas-dis	Disorders of GNAS Inactivation
gnb1-e	GNB1 Encephalopathy
gnb5-ndd	GNB5-Related Neurodevelopmental Disorder
gonad-dys-46xy	Nonsyndromic Disorders of Testicular Development Overview
gr_22q11deletion	22q11.2 Deletion Syndrome
gr_22q13_3	Phelan-McDermid Syndrome-SHANK3 Related
gr_3ms	3-M Syndrome
gria2-ndd	GRIA2-Related Neurodevelopmental Disorder
grin1-ndd	GRIN1-Related Neurodevelopmental Disorder
grin2a-dis	GRIN2A-Related Disorders
grin2b	GRIN2B-Related Neurodevelopmental Disorder
grin2d-dee	GRIN2D-Related Developmental and Epileptic Encephalopathy
gsd1	Glycogen Storage Disease Type I
gsd2	Pompe Disease
gsd3	Glycogen Storage Disease Type III
gsd4	Glycogen Storage Disease Type IV
gsd5	Glycogen Storage Disease Type V
gsd6	Glycogen Storage Disease Type VI
gsd9	Phosphorylase Kinase Deficiency
h1-4	HIST1H1E Syndrome
haplo-a20	Haploinsufficiency of A20
hartsfield	FGFR1-Related Hartsfield Syndrome
hcp	Hereditary Coproporphyria
hd-l2	Huntington Disease-Like 2
hdls	CSF1R-Related Disorder
helpadvsearch	Help
hemo-a	Hemophilia A
hemo-b	Hemophilia B
hemochromatosis	HFE-Related Hemochromatosis
hep	Hepatoerythropoietic Porphyria
hered-drta	Hereditary Distal Renal Tubular Acidosis
hfg	Hand-Foot-Genital Syndrome
hfi	Hereditary Fructose Intolerance
hfpoik-tmp	Hereditary Fibrosing Poikiloderma with Tendon Contractures, Myopathy, and Pulmonary Fibrosis
hgc	Diffuse Gastric and Lobular Breast Cancer Syndrome
hgps	Hutchinson-Gilford Progeria Syndrome
hhhs	Hyperornithinemia-Hyperammonemia-Homocitrullinuria Syndrome
hht	Hereditary Hemorrhagic Telangiectasia
hi	Nonsyndromic Genetic Hyperinsulinism Overview
hibch-def	3-Hydroxyisobutyryl-CoA Hydrolase Deficiency
higes	STAT3 Hyper IgE Syndrome
hlh	Familial Hemophagocytic Lymphohistiocytosis
hlrcc	FH Tumor Predisposition Syndrome
hmdpc	Hypermanganesemia with Dystonia 1
hmerf	Hereditary Myopathy with Early Respiratory Failure
hnpcc	Lynch Syndrome
hnpp	Hereditary Neuropathy with Liability to Pressure Palsies
hnrnph2-ndd	HNRNPH2-Related Neurodevelopmental Disorder
hnrnpu-ndd	HNRNPU-Related Neurodevelopmental Disorder
homocystinuria	Homocystinuria due to Cystathionine Beta-Synthase Deficiency
hops	Hypophosphatasia
hos	Holt-Oram Syndrome
howto_linkin	Download/Link to GeneReviews
hoxa1-dis	HOXA1-Related Disorders
hpe-overview	Holoprosencephaly Overview
hpp	Hypokalemic Periodic Paralysis
hps	Hermansky-Pudlak Syndrome
hrpt2	CDC73-Related Disorders
hsan2	Hereditary Sensory and Autonomic Neuropathy Type II
hsan4	NTRK1 Congenital Insensitivity to Pain with Anhidrosis
hsn1	SPTLC1-Related Hereditary Sensory Neuropathy
hsp	Uncomplicated (Pure) Hereditary Spastic Paraplegia Overview
hunter	Mucopolysaccharidosis Type II
huntington	Huntington Disease
huppke-brendel	Huppke-Brendel Syndrome
husa	Genetic Atypical Hemolytic-Uremic Syndrome
hyal2-def	HYAL2 Deficiency
hyper-card	Nonsyndromic Hypertrophic Cardiomyopathy Overview
hyper-ftc	Hyperphosphatemic Familial Tumoral Calcinosis
hyper-nfj2	Autosomal Dominant Tubulointerstitial Kidney Disease – REN
hyper-pp	Hyperkalemic Periodic Paralysis
hyperchol	Familial Hypercholesterolemia
hyperek	Hereditary Hyperekplexia Overview
hypo-mcc	Hypomyelination and Congenital Cataract
hypochondroplasia	Hypochondroplasia
i-p	Incontinentia Pigmenti
iahsp	ALS2-Related Disorder
ibm	GNE Myopathy
ibmpfd	Multisystem Proteinopathy
idednik	IDEDNIK Syndrome
image	IMAGe Syndrome
inad	PLA2G6-Associated Neurodegeneration
inppl1-opsmd	INPPL1-Related Opsismodysplasia
insr-ir	INSR-Related Severe Insulin Resistance Syndrome
ipa	AIP Familial Isolated Pituitary Adenomas
ipex	IPEX Syndrome
irf2bpl-dis	IRF2BPL-Related Disorder
isca1-mmds	ISCA1-Related Multiple Mitochondrial Dysfunctions Syndrome
isca2-mt-dis	ISCA2-Related Mitochondrial Disorder
iso-def	Isolated Sulfite Oxidase Deficiency
isovaleric-a	Classic Isovaleric Acidemia
issd	Free Sialic Acid Storage Disorder
jh	HAMP- and HJV-Related Hemochromatosis
jln	Jervell and Lange-Nielsen Syndrome
jmc	PTH1R-Related Jansen Metaphyseal Chondrodysplasia
joubert	Joubert Syndrome
jpd	PRKN-Related Early-Onset Parkinson Disease
jps	Juvenile Polyposis Syndrome
kabuki	Kabuki Syndrome
kagami-ogata	Kagami-Ogata Syndrome
kat6b-dis	KAT6B Disorders
kbgs	ANKRD11-Related KBG Syndrome
kcnc1-dis	KCNC1-Related Disorders
kcnk9-is	KCNK9 Imprinting Syndrome
kcnq3-dis	KCNQ3-Related Disorders
kcnt1-epilepsy	KCNT1-Related Epilepsy
kctd7-epilepsy	KCTD7-Related Progressive Myoclonic Epilepsy
kennedy	Spinal and Bulbar Muscular Atrophy
kif1a-ndd	KIF1A-Related Neurodevelopmental Disorder
kindler	Kindler Syndrome
kleefstra	Kleefstra Syndrome
kms	Isolated Gonadotropin-Releasing Hormone (GnRH) Deficiency
kmt2b-dystonia	KMT2B-Related Disorders
kmt2e-ndd	KMT2E-Related Neurodevelopmental Disorder
kos	Kaufman Oculocerebrofacial Syndrome
kptn-dis	KPTN-Related Disorder
krabbe	Krabbe Disease
kss	Single Large-Scale Mitochondrial DNA Deletion Syndromes
l1cam	L1 Syndrome
lad-ad	LMNB1-Related Autosomal Dominant Leukodystrophy
lafora	Progressive Myoclonus Epilepsy, Lafora Type
lal-def	Lysosomal Acid Lipase Deficiency
lathosterolosis	Lathosterolosis
lbsl	Leukoencephalopathy with Brain Stem and Spinal Cord Involvement and Lactate Elevation
lca-ov	Nonsyndromic Leber Congenital Amaurosis / Early-Onset Severe Retinal Dystrophy Overview
lchad	Long-Chain Hydroxyacyl-CoA Dehydrogenase Deficiency / Trifunctional Protein Deficiency
lds	Lymphedema-Distichiasis Syndrome
legius	Legius Syndrome
leigh-nucl-ov	Nuclear Gene-Encoded Leigh Syndrome Spectrum Overview
leopard	Noonan Syndrome with Multiple Lentigines
lgmd2a	Calpainopathy
lhon	Leber Hereditary Optic Neuropathy
li-ar	Autosomal Recessive Congenital Ichthyosis
li-fraumeni	Li-Fraumeni Syndrome
lipoid-p	Lipoid Proteinosis
lms	NOTCH3-Related Lateral Meningocele Syndrome
lns	HPRT1 Disorders
loeys-dietz	Loeys-Dietz Syndrome
lowe	Lowe Syndrome
lpi	Lysinuric Protein Intolerance
lpin2-majeed	LPIN2-Related Majeed Syndrome
lpl	Lipoprotein Lipase Deficiency
lrrk2	LRRK2-Related Parkinson Disease
ltbp4-cutis-laxa	LTBP4-Related Cutis Laxa
lwd	SHOX Deficiency Disorders
m-sulfatase-def	Multiple Sulfatase Deficiency
madd	Multiple Acyl-CoA Dehydrogenase Deficiency
maps	MUTYH Polyposis
marfan	FBN1-Related Marfan Syndrome
mbd4-tpds	MBD4-Related Tumor Predisposition Syndrome
mbd5-dis	MBD5 Haploinsufficiency
mbtps1-semd	MBTPS1-Related Spondyloepimetaphyseal Dysplasia with Elevated Lysosomal Enzymes
mc-def	Molybdenum Cofactor Deficiency
mcad	Medium-Chain Acyl-Coenzyme A Dehydrogenase Deficiency
mccune-albright	Fibrous Dysplasia / McCune-Albright Syndrome
mckd1	Autosomal Dominant Tubulointerstitial Kidney Disease – MUC1
mckd2	Autosomal Dominant Tubulointerstitial Kidney Disease – UMOD
mcleod	McLeod Neuroacanthocytosis Syndrome
mcm8-mcm9	MCM8/MCM9-Related Syndromes
mdef-cmd	LAMA2 Muscular Dystrophy
mdel15q13_3	15q13.3 Recurrent Deletion
mdel16p12_2	16p12.2 Recurrent Deletion
mdel17q12	17q12 Recurrent Deletion Syndrome
mdel17q21_31	Koolen-de Vries Syndrome
mdel1q21_1	Next >
mdel3q29	3q29 Recurrent Deletion
me-ataxia	PRICKLE1-Related Disorders
mecp2-dup	MECP2 Duplication Syndrome
mecr-dis	MECR-Related Neurologic Disorder
med13l	MED13L Syndrome
mef2c-dis	MEF2C-Related Disorder
megdel	SERAC1 Deficiency
melas	MELAS
men1	Multiple Endocrine Neoplasia Type 1
men2	Multiple Endocrine Neoplasia Type 2
men4	Multiple Endocrine Neoplasia Type 4
menkes	ATP7A-Related Copper Transport Disorders
merrf	MERRF
mf-dys-mic	Mandibulofacial Dysostosis with Microcephaly
mga3	Costeff Syndrome
mhs	Nonsyndromic Malignant Hyperthermia Susceptibility
miccap-ms	Microcephaly-Capillary Malformation Syndrome
microph-lsd	Microphthalmia with Linear Skin Defects Syndrome
milroy	Milroy Disease
mirage	MIRAGE Syndrome
mirror	Congenital Mirror Movements
miyoshi	Dysferlinopathy
mkks	McKusick-Kaufman Syndrome
ml2	GNPTAB-Related Disorders
ml3c	Mucolipidosis III Gamma
ml4	Mucolipidosis IV
mlc	Megalencephalic Leukoencephalopathy with Subcortical Cysts
mld	Arylsulfatase A Deficiency
mlid-maternal	Maternal Effect Gene-Related Multilocus Imprinting Disturbances
mma	Isolated Methylmalonic Acidemia
mmihs-ov	Megacystis-Microcolon-Intestinal Hypoperistalsis Syndrome Overview
mn1-ctt	MN1 C-Terminal Truncation Syndrome
mngie	Mitochondrial Neurogastrointestinal Encephalopathy Disease
mody-ov	Maturity-Onset Diabetes of the Young Overview
mona	Multicentric Osteolysis Nodulosis and Arthropathy
monosomy7-ov	Monosomy 7 Predisposition Syndromes Overview
mopd2	Microcephalic Osteodysplastic Primordial Dwarfism Type II
mota	FREM1 Autosomal Recessive Disorders
mpd1	Laing Distal Myopathy
mpgn	C3 Glomerulopathy
mpph	MPPH Syndrome
mps1	Mucopolysaccharidosis Type I
mps3	Mucopolysaccharidosis Type III
mps4a	Mucopolysaccharidosis Type IVA
mps7	Mucopolysaccharidosis Type VII
mpv17-mtdep	MPV17-Related Mitochondrial DNA Maintenance Defect
mss	Marinesco-Sjögren Syndrome
msud	Maple Syrup Urine Disease
msx2	Enlarged Parietal Foramina
mt-deafness	Nonsyndromic Hearing Loss and Deafness, Mitochondrial
mt-mpan	Mitochondrial Membrane Protein-Associated Neurodegeneration
mt-overview	Primary Mitochondrial Disorders Overview
mtdna-md-ov	Mitochondrial DNA Maintenance Defects Overview
mthfr-homocystinuria	Homocystinuria due to Deficiency of N(5,10)-Methylenetetrahydrofolate Reductase Activity
mtm	X-Linked Myotubular Myopathy
muenke	Muenke Syndrome
mws	Classic Mowat-Wilson Syndrome
myh9	MYH9-Related Disease
myhre	Myhre Syndrome
myo-dystonia	SGCE Myoclonus-Dystonia
myotonia-c	Myotonia Congenita
myotonic-d	Myotonic Dystrophy Type 1
myotonic-d2	Myotonic Dystrophy Type 2
myrf-cugs	MYRF-Related Cardiac Urogenital Syndrome
nad-def	Congenital NAD Deficiency Disorder
nail-ps	Nail-Patella Syndrome
narp	Mitochondrial DNA-Associated Leigh Syndrome Spectrum
nars1	NARS1-Related Neurologic Disorders
nbia-ov	Neurodegeneration with Brain Iron Accumulation Disorders Overview
nbs	SMARCA2-Related Nicolaides-Baraitser Syndrome
ncl	Neuronal Ceroid Lipofuscinoses Overview
ndi	Hereditary Nephrogenic Diabetes Insipidus
nephron-ov	Nephronophthisis-Related Ciliopathies
neurocutaneous	Neurocutaneous Disorders due to Mitochondrial Proline Synthesis Defects
neuroferritin	Neuroferritinopathy
nf1	Neurofibromatosis 1
nf2	NF2-Related Schwannomatosis
nfia-dis	NFIA-Related Disorder
nfix-malan	NFIX-Related Malan Syndrome
ngly1-cddg	NGLY1-Related Congenital Disorder of Deglycosylation
nijmegen	Nijmegen Breakage Syndrome
nkh	Nonketotic Hyperglycinemia
nkx2-1-dis	NKX2-1-Related Disorders
nkx6-2-spax	NKX6-2-Related Disorder
noonan	Noonan Syndrome
norrie	NDP-Related Retinopathies
npab	Acid Sphingomyelinase Deficiency
npc	Niemann-Pick Disease Type C
nr2f1-ndd	NR2F1-Related Neurodevelopmental Disorder
nsdhl-dis	NSDHL-Related Disorders
nthl1-ts	NTHL1 Tumor Syndrome
oca-oa-ov	Oculocutaneous Albinism and Ocular Albinism Overview
oca4	Oculocutaneous Albinism Type 4
ofd1	Oral-Facial-Digital Syndrome Type I
og-dysp	Osteoglophonic Dysplasia
oi	COL1A1- and COL1A2-Related Osteogenesis Imperfecta
okur-chung	Okur-Chung Neurodevelopmental Syndrome
ondine	Congenital Central Hypoventilation Syndrome
opd	FLNA-Related Otopalatodigital Spectrum Disorders
opitz	MID1-Related Opitz G/BBB Syndrome
opmd	Oculopharyngeal Muscular Dystrophy
os-cs	Osteopathia Striata with Cranial Sclerosis
otc-def	Ornithine Transcarbamylase Deficiency
pacs1-ndd	PACS1-Related Neurodevelopmental Disorder
pai-1-def	Complete Plasminogen Activator Inhibitor 1 Deficiency
pancreatitis-ov	Pancreatitis Overview
papr	PAX2-Related Disorder
paragangliomas	Hereditary Paraganglioma-Pheochromocytoma Syndromes
parkinson-overview	Monogenic Parkinson Disease Overview
pbd	Zellweger Spectrum Disorder
pc	Pachyonychia Congenita
pc-hypo-p	TSEN54 Pontocerebellar Hypoplasia
pcd	Primary Ciliary Dyskinesia
pdc	Pyruvate Carboxylase Deficiency
pdhc-def-ov	Primary Pyruvate Dehydrogenase Complex Deficiency Overview
pds	Pyridoxine-Dependent Epilepsy – ALDH7A1
peaf	Autosomal Dominant Epilepsy with Auditory Features
pendred	SLC26A4-Related Sensorineural Hearing Loss
perrault	Perrault Syndrome Overview
perry	DCTN1-Related Neurodegeneration
peters-plus	Peters Plus Syndrome
pf	Pulmonary Fibrosis Predisposition Overview
pfcp	Primary Familial and Congenital Erythrocytosis
pfic	ATP8B1 Deficiency
ph1	Primary Hyperoxaluria Type 1
ph2	Primary Hyperoxaluria Type 2
ph3	Primary Hyperoxaluria Type 3
pha2	Pseudohypoaldosteronism Type II
phs	GLI3-Related Pallister-Hall Syndrome
phts	PTEN Hamartoma Tumor Syndrome
pi4ka	PI4KA-Related Disorder
pik3ca-overgrowth	PIK3CA-Related Overgrowth Spectrum
pink1-pd	PINK1 Type of Young-Onset Parkinson Disease
pitt-hopkins	Pitt-Hopkins Syndrome
pjs	Peutz-Jeghers Syndrome
pkan	Pantothenate Kinase-Associated Neurodegeneration
pkd-ad	Polycystic Kidney Disease, Autosomal Dominant
pkd-ar	Autosomal Recessive Polycystic Kidney Disease – PKHD1
pku	Phenylalanine Hydroxylase Deficiency
plosl	Polycystic Lipomembranous Osteodysplasia with Sclerosing Leukoencephalopathy
plpbp-def	PLPBP Deficiency
pmd	PLP1-Related Disorders
pmld1	Pelizaeus-Merzbacher-Like Disease 1
pnknd	Familial Paroxysmal Nonkinesigenic Dyskinesia
pnpla6-dis	PNPLA6 Disorders
pnpo-def	PNPO Deficiency
poikiloderma-n	Poikiloderma with Neutropenia
pol3-leuk	POLR3-Related Leukodystrophy
porphyria-ct	Familial Porphyria Cutanea Tarda
porphyria-var	Variegate Porphyria
pot1-tpd	POT1 Tumor Predisposition
potocki-lupski	Potocki-Lupski Syndrome
pp-blastoma	DICER1-Related Tumor Predisposition
pph	Heritable Pulmonary Arterial Hypertension Overview
ppp1r12a-ubm	PPP1R12A-Related Urogenital and/or Brain Malformation Syndrome
ppp1r21-ndd	PPP1R21-Related El-Hattab-Schmidts Syndrome
ppp2r1a-ndd	PPP2R1A-Related Neurodevelopmental Disorder
ppp2r5d-dis	PPP2R5D-Related Neurodevelopmental Disorder
ppr-dysp	Progressive Pseudorheumatoid Dysplasia
primrose	Primrose Syndrome
prion	Genetic Prion Disease
prolidase-def	Prolidase Deficiency
prop1	PROP1-Related Combined Pituitary Hormone Deficiency
propionic-a	Propionic Acidemia
prospective_authors	For Current/Prospective Authors
proteus	Proteus Syndrome
prrt2-parox	PRRT2-Related Disorder
prs	Phosphoribosylpyrophosphate Synthetase Superactivity
prss1-hp	PRSS1-Related Hereditary Pancreatitis
psach	COMP-Related Pseudoachondroplasia
ptdss1-lmhd	PTDSS1-Related Lenz-Majewski Hyperostotic Dysplasia
ptps-def	PTS-Related Tetrahydrobiopterin Deficiency (PTPSD)
ptt	Prothrombin Thrombophilia
puf60-dis	PUF60-Related Disorders
pura-dis	PURA-Related Neurodevelopmental Disorders
pws	Prader-Willi Syndrome
pxe	Pseudoxanthoma Elasticum
pycnodys	Pycnodysostosis
rab18-def	RAB18 Deficiency
rab32-pd	RAB32-Related Parkinson Disease
rapid-odp	ATP1A3-Related Disorder
rasa1-rel-dis	Capillary Malformation-Arteriovenous Malformation Syndrome
rbs	ESCO2 Spectrum Disorder
rcdp	PEX7-Related Rhizomelic Chondrodysplasia Punctata
refsum	Adult Refsum Disease
rere-dis	RERE-Related Disorders
resource_mats	Resource Materials
retinoblastoma	Retinoblastoma
retinoschisis	X-Linked Congenital Retinoschisis
rett	MECP2 Disorders
rfc1-canvas	RFC1 CANVAS / Spectrum Disorder
riboflavin-tn	Riboflavin Transporter Deficiency
rickets-xlh	X-Linked Hypophosphatemia
ritscher-schinzel	Ritscher-Schinzel Syndrome
rnu4-2-ndd	RNU4-2–Related Autosomal Dominant Neurodevelopmental Disorder
rnu4atac-dis	RNU4atac-opathy
rob	ROR2-Related Robinow Syndrome
rob-ad	Autosomal Dominant Robinow Syndrome
rotor	Rotor Syndrome
rp-overview	Nonsyndromic Retinitis Pigmentosa Overview
rpe65-lca	Autosomal Recessive RPE65-Related Retinal Degeneration
rrm2b-mtddepl	RRM2B Mitochondrial DNA Maintenance Defects
rss	Silver-Russell Syndrome
rsts	Rubinstein-Taybi Syndrome
rtps	Rhabdoid Tumor Predisposition Syndrome
rts	Rothmund-Thomson Syndrome
runx1	RUNX1 Familial Platelet Disorder with Associated Myeloid Malignancies
rvcl	Retinal Vasculopathy with Cerebral Leukoencephalopathy and Systemic Manifestations
rws	Long QT Syndrome Overview
salih-myo	Salih Myopathy
samd9l-ap	SAMD9L-Related Syndrome
sandhoff	Sandhoff Disease
satb2-dis	SATB2-Associated Syndrome
saul-wilson	Saul-Wilson Syndrome
sca1	Spinocerebellar Ataxia Type 1
sca10	Spinocerebellar Ataxia Type 10
sca11	Spinocerebellar Ataxia Type 11
sca13	Spinocerebellar Ataxia Type 13
sca14	Spinocerebellar Ataxia Type 14
sca17	Spinocerebellar Ataxia Type 17
sca2	Spinocerebellar Ataxia Type 2
sca20	Spinocerebellar Ataxia Type 20
sca28	AFG3L2-Related Neurologic Disorders
sca3	Spinocerebellar Ataxia Type 3
sca37	Spinocerebellar Ataxia Type 37
sca38	Spinocerebellar Ataxia Type 38
sca4	Spinocerebellar Ataxia Type 4
sca6	Spinocerebellar Ataxia Type 6
sca7	Spinocerebellar Ataxia Type 7
sca8	Spinocerebellar Ataxia Type 8
scad	Short-Chain Acyl-CoA Dehydrogenase Deficiency
scan1	Spinocerebellar Ataxia with Axonal Neuropathy Type 1
schaaf-yang	Schaaf-Yang Syndrome
schinzel-giedion	Schinzel-Giedion Syndrome
schmid-mcd	Schmid Metaphyseal Chondrodysplasia
schwann	LZTR1- and SMARCB1-Related Schwannomatosis
scn3a-ndd	SCN3A-Related Neurodevelopmental Disorder
scn8a-ee	SCN8A-Related Epilepsy and/or Neurodevelopmental Disorders
scs	Saethre-Chotzen Syndrome
sd-thes	Trichohepatoenteric Syndrome
sds	Shwachman-Diamond Syndrome
sedt	X-Linked Spondyloepiphyseal Dysplasia Tarda
serine-def	Serine Deficiency Disorders
setbp1-hd	SETBP1 Haploinsufficiency Disorder
setd1b-ndd	SETD1B-Related Neurodevelopmental Disorder
setd2-ndd	SETD2 Neurodevelopmental Disorders
sgbs	Simpson-Golabi-Behmel Syndrome Type 1
sgpl1	Sphingosine Phosphate Lyase Insufficiency Syndrome
sgs	Shprintzen-Goldberg Syndrome
shashi-pena	Shashi-Pena Syndrome
short	PIK3R1-Related SHORT Syndrome
sickle	Sickle Cell Disease
siod	Schimke Immunoosseous Dysplasia
slc12a5-e	SLC12A5-Related Epilepsy of Infancy with Migrating Focal Seizures
slc19a1-ft-def	SLC19A1-Related Folate Transport Deficiency
slc25a24-fps	SLC25A24 Fontaine Progeroid Syndrome
slc39a14-def	SLC39A14 Deficiency
slc39a8-cdg	SLC39A8-CDG
slc6a1-ndd	SLC6A1-Related Neurodevelopmental Disorder
slc6a3-dtds	SLC6A3-Related Dopamine Transporter Deficiency Syndrome
slo	Smith-Lemli-Opitz Syndrome
sma	Spinal Muscular Atrophy
sma-xli	Spinal Muscular Atrophy, X-Linked Infantile
smdcf	Spondylometaphyseal Dysplasia, Corner Fracture Type
smith-kingsmore	Smith-Kingsmore Syndrome
sms	Smith-Magenis Syndrome
snyder-robinson	Snyder-Robinson Syndrome
sost	SOST-Related Sclerosing Bone Dysplasias
sotos	Sotos Syndrome
sox2	SOX2 Disorder
spg11	Spastic Paraplegia 11
spg15	Spastic Paraplegia 15
spg17	BSCL2-Related Neurologic Disorders / Seipinopathy
spg20	Troyer Syndrome
spg3a	Spastic Paraplegia 3A
spg4	Spastic Paraplegia 4
spg7	SPG7-Related Neurologic Disorder
spg8	Spastic Paraplegia 8
spondylocostal-d	Spondylocostal Dysostosis, Autosomal Recessive
spr-def	Sepiapterin Reductase Deficiency
sptbn4	SPTBN4 Disorder
srns-ov	Genetic Steroid-Resistant Nephrotic Syndrome Overview
ss-def	Squalene Synthase Deficiency
ssadh	Succinic Semialdehyde Dehydrogenase Deficiency
stac3-dis	STAC3 Disorder
stickler	Stickler Syndrome
strc-hearing-loss	STRC-Related Autosomal Recessive Hearing Loss
stromme	Strømme Syndrome
stsl	Sitosterolemia
stxbp1-ee	STXBP1 Encephalopathy with Epilepsy
sucla2-def	SUCLA2-Related Mitochondrial DNA Depletion Syndrome, Encephalomyopathic Form with Methylmalonic Aciduria
suclg1-mtddepl	SUCLG1-Related Mitochondrial DNA Depletion Syndrome, Encephalomyopathic Form with Methylmalonic Aciduria
syncrip-ndd	SYNCRIP-Related Neurodevelopmental Disorder
syne1ca-ar	SYNE1 Deficiency
syngap1-id	SYNGAP1-Related Intellectual Disability
sys-h	Hyaline Fibromatosis Syndrome
taa	Heritable Thoracic Aortic Disease Overview
taf8-ndd	TAF8-Related Neurodevelopmental Disorder
tangier	Tangier Disease
tango2-mea	TANGO2 Deficiency
tar	Thrombocytopenia Absent Radius Syndrome
tardbp-als	TARDBP-Related Amyotrophic Lateral Sclerosis-Frontotemporal Dementia
tay-sachs	HEXA Disorders
tbc1d24-dis	TBC1D24-Related Disorders
tbck-ndd	TBCK-Related Neurodevelopmental Disorder
tbrs	Tatton-Brown-Rahman Syndrome
tbs	SALL1-Related Townes-Brocks Syndrome
tcirg1-opt	TCIRG1-Related Osteopetrosis
tcs	Treacher Collins Syndrome
td	Thanatophoric Dysplasia
tecpr2-hsan-id	TECPR2-Related Hereditary Sensory and Autonomic Neuropathy with Intellectual Disability
temple	Temple Syndrome
tfap	Hereditary Transthyretin Amyloidosis
tfr2	TFR2-Related Hemochromatosis
thctd	Allan-Herndon-Dudley Syndrome
thdrd	Tyrosine Hydroxylase Deficiency
thoc6-id	THOC6 Intellectual Disability Syndrome
timothy	CACNA1C-Related Disorders
tk2-mtddepl	TK2-Related Mitochondrial DNA Maintenance Defect, Myopathic Form
tnxb-eds	TNXB-Related Classical-Like Ehlers-Danlos Syndrome
tooth-agenesis-ov	Nonsyndromic Tooth Agenesis Overview
tpk1-def	TPK1-Related Thiamine Metabolism Dysfunction Syndrome
tps	Trichorhinophalangeal Syndrome
traps	TNF Receptor-Associated Periodic Fever Syndrome
trimethylaminuria	Primary Trimethylaminuria
trio-id	TRIO-Related Neurodevelopmental Disorder
trma	Thiamine-Responsive Megaloblastic Anemia Syndrome
trmu-def	TRMU Deficiency
trpm3-ndd	TRPM3-Related Neurodevelopmental Disorder
tubb4a-leuk	TUBB4A-Related Neurologic Disorders
tuberous-sclerosis	Tuberous Sclerosis Complex
tubulin-ov	Tubulinopathies Overview
tyrosinemia	Tyrosinemia Type I
tyrosinemia-2	Tyrosinemia Type II
ucd-overview	Urea Cycle Disorders Overview
udd	Udd Distal Myopathy – Tibial Muscular Dystrophy
unc80-def	UNC80 Deficiency
updates	New in GeneReviews
urofacial	Urofacial Syndrome
usher1	Usher Syndrome Type I
usher2	Usher Syndrome Type II
usp7-ndd	USP7-Related Hao-Fountain Syndrome
vexas	VEXAS Syndrome
vhl	Von Hippel-Lindau Syndrome
vlcad	Very Long-Chain Acyl-Coenzyme A Dehydrogenase Deficiency
vldlr-ch	VLDLR Cerebellar Hypoplasia
vmcm	TEK-Related Venous Malformations
vodi	Hepatic Veno-Occlusive Disease with Immunodeficiency
von-willebrand	Von Willebrand Disease
vps13d-md	VPS13D Movement Disorder
vps35-pd	VPS35-Related Parkinson Disease
vws	IRF6-Related Disorders
wac-id	WAC-Related Intellectual Disability
wagner	VCAN-Related Vitreoretinopathy
wagr	WAGR Spectrum Disorder
wars2-def	WARS2 Deficiency
warsaw	DDX11-Related Cohesinopathy
was	WAS-Related Disorders
wdr26-id	WDR26-Related Intellectual Disability
wdr62-pm	WDR62 Primary Microcephaly
weaver	EZH2-Related Overgrowth
weill-ms	Weill-Marchesani Syndrome
weiss-kruszka	Weiss-Kruszka Syndrome
werner	Werner Syndrome
wfs	WFS1 Spectrum Disorder
white-sutton	White-Sutton Syndrome
wiedemann-steiner	Wiedemann-Steiner Syndrome
williams	Williams Syndrome
wilms-ov	Wilms Tumor Predisposition
wilson	Wilson Disease
ws1	Waardenburg Syndrome Type I
wss	Woodhouse-Sakati Syndrome
wt1-dis	WT1 Disorder
x-ag	X-Linked Acrogigantism
x-ald	X-Linked Adrenoleukodystrophy
x-dcdp	EBP-Related X-Linked Chondrodysplasia Punctata
x-hed	Hypohidrotic Ectodermal Dysplasia
x-lpd	X-Linked Lymphoproliferative Disease
x-pvh	FLNA Deficiency
x-scid	X-Linked Severe Combined Immunodeficiency
xdp	X-Linked Dystonia-Parkinsonism
xia-gibbs	Xia-Gibbs Syndrome
xl-nystag	FRMD7-Related Infantile Nystagmus
xla	X-Linked Agammaglobulinemia
xlhi	CD40 Ligand Deficiency
xlmr	Alpha-Thalassemia X-Linked Intellectual Disability Syndrome
xp	Xeroderma Pigmentosum
xq28-dup	Xq28 Duplication Syndrome, Int22h1/Int22h2 Mediated
xxms	Nonsyndromic 46,XX Testicular Disorders/Differences of Sex Development
yars1-def	YARS1 Deficiency
yci	Y Chromosome Infertility
yif1b-ndd	YIF1B-Related Neurodevelopmental Disorder
zap70-scid	ZAP70 Deficiency
zttk	Zhu-Tokita-Takenouchi-Kim Syndrome
