referentiel	importance	entite	verdict	verbatim_verifie	terme_existant	label_fr	label_en	lesion	site	qualifieurs	pattern	niveau	criteres	citation	verbatim	raison
ACCRETA	haute	Placenta accreta / adherenta (FIGO grade 1)	confirmee	oui		Placenta accreta / adherenta (FIGO grade 1)	Placenta accreta / adherenta (FIGO grade 1)	adhérence anormale du placenta au myomètre par perte de la couche déciduale, sans invasion myométriale	plaque basale — interface décidue basale / myomètre	grade 1 FIGO, non invasif, absence de décidue interposée, fibres myométriales au contact des villosités ou de la fibrine de Rohr	focal ou total (partiel selon l'étendue de la surface basale atteinte)	entite	Perte de la couche déciduale séparant normalement le placenta du myomètre, avec villosités choriales adjacentes au myomètre — le plus souvent avec interposition de fibrine et de trophoblaste extravilleux entre villosités et myomètre. Fibres myométriales adhérentes à la plaque basale au contact des villosités basales et/ou de la fibrine de Rohr (« accreta histologique »). Absence d'amincissement macroscopique de la paroi utérine et absence de nids invasifs entourés de myomètre (qui définiraient l'increta, grade 2). Diagnostic nécessitant de multiples prélèvements, tous les blocs n'étant pas diagnostiques.	benirschke ch14	The diagnostic feature of PAS is the loss of this decidual layer. PAS is graded based on the degree of disruption of the uterine wall.	Les extraits documentent explicitement la gradation FIGO du spectre accreta, dont le grade 1 (adhérence non invasive, sans amincissement de la paroi utérine), avec ses critères histologiques (perte de la couche déciduale, villosités au contact du myomètre ou de la fibrine de Rohr). Le vocabulaire ne comporte que le chapeau « Placenta accreta spectrum » et aucun terme de grade.
ACCRETA	haute	Placenta increta (FIGO grade 2)	confirmee	oui		Placenta increta (grade 2 du spectre accreta)	Placenta increta (PAS/FIGO grade 2)	invasion villositaire et trophoblastique du myomètre	interface placento-myométriale / myomètre	grade 2 du spectre accreta, absence de décidue basale et de fibrinoïde de Nitabuch, amincissement et dégénérescence des fibres myométriales, sans atteinte de la séreuse	focal ou diffus au site d'implantation	entite	Absence focale ou complète de décidue basale et du fibrinoïde de Nitabuch, avec villosités et îlots trophoblastiques infiltrant le myomètre superficiel ou profond, sans franchissement de la séreuse (préservation d'au moins 25 % de l'épaisseur de la paroi utérine dans la gradation PAS 2 ; invasion n'excédant pas 75 % du myomètre). Se traduit plus souvent par un amincissement marqué du myomètre que par des nids invasifs entourés de muscle ; dégénérescence des fibres myométriales (mieux vue au trichrome ou à l'actine musculaire lisse) et intrusion villositaire dans les espaces vasculaires myométriaux. Plusieurs prélèvements du site d'implantation, à distance de la cicatrice de césarienne, sont nécessaires.	benirschke ch14	PAS Grade 2  – superficial invasion: sections show an irregular placental/myometrial interface with invasion not to exceed 75% of the myometrium.	Les extraits décrivent explicitement le placenta increta comme entité distincte du spectre accreta (invasion villositaire dans l'épaisseur du myomètre, grade 2), avec ses critères histologiques propres. Le vocabulaire ne contient que le chapeau « Placenta accreta spectrum » et « Invasion trophoblastique myométriale » (invasion trophoblastique extravilleuse, non gradée), aucun terme ne désigne l'increta.
ACCRETA	haute	Placenta percreta (FIGO grade 3), sous-grades 3a (séreuse utérine), 3b (vessie), 3c (autres organes pelviens)	confirmee	oui		Placenta percreta (PAS/FIGO grade 3 : 3a séreuse, 3b vessie, 3c autres organes pelviens)	Placenta percreta (PAS/FIGO grade 3: 3a serosa, 3b bladder, 3c other pelvic organs)	invasion trophoblastique transmurale avec effraction de la séreuse utérine et/ou extension aux organes pelviens	interface placento-myométriale / paroi utérine complète (myomètre, séreuse) et organes de voisinage (vessie, paramètres, rectum)	gradation FIGO 2019, sous-grade 3a (séreuse), sous-grade 3b (vessie), sous-grade 3c (autres organes pelviens), correspondance PAS grade 3D/3E de Benirschke	focal ou segmentaire, siégeant préférentiellement sur cicatrice de césarienne du segment inférieur	entite	Absence de décidue à l'interface placento-myométriale (critère du spectre PAS) avec invasion villositaire et trophoblastique dépassant 75 % de l'épaisseur myométriale ET effraction de la séreuse utérine (3a / PAS grade 3D) ; extension aux structures extra-utérines — vessie (3b) ou autres organes pelviens (3c) — définissant le PAS grade 3E. L'encrage de la surface externe de l'utérus au site suspect permet de vérifier la présence ou l'absence de muscle résiduel sur les coupes, la région séreuse pouvant se fragmenter à la coupe. Trichrome ou actine musculaire lisse utiles ; intrusion villositaire dans les espaces vasculaires myométriaux et augmentation du trophoblaste extravilleux profond fréquentes. Prélèvements multiples nécessaires, en dehors de la seule cicatrice.	benirschke ch14	PAS Grade 3D – deep invasion with breach of the serosa.	Le corpus décrit explicitement le grade 3 du spectre PAS avec ses sous-grades (invasion profonde, effraction de la séreuse utérine, envahissement des structures extra-utérines dont la vessie), or le vocabulaire ne contient que le chapeau « Placenta accreta spectrum » et « Invasion trophoblastique myométriale », sans aucun terme pour le percreta ni sa gradation.
ACCRETA	haute	Absence de décidue basale entre villosités et myomètre (critère histologique diagnostique du PAS)	confirmee	oui		Absence de décidue basale interposée entre villosités choriales et myomètre	Absence of intervening (basal) decidua between chorionic villi and myometrium	défaut / perte de la couche déciduale basale interposée	plaque basale — interface villosités choriales / myomètre	critère histologique diagnostique du PAS, villosités au contact du myomètre ou de la fibrine de Rohr, décidue réduite à ≤ 2 assises cellulaires (accreta focal suggéré), IHC actine musculaire lisse en appoint facultatif	focal ou étendu le long de la plaque basale, souvent nécessitant de multiples prélèvements	element	Sur coupes de la plaque basale (ou pièce d'hystérectomie) : villosités choriales implantées directement sur des fibres myométriales, sans couche de décidue interposée ; contact des fibres myométriales avec les villosités basales et/ou la fibrine de Rohr = « accreta histologique ». Lorsque la décidue interposée est réduite à deux assises cellulaires ou moins, on parle de fibres myométriales de la plaque basale « avec modifications évocatrices d'accreta focal ». Le spectre est défini par l'épaisseur de décidue résiduelle entre myomètre, villosités et fibrine basale, de normale à absente ; le diagnostic peut exiger de multiples coupes, toutes les lames ne montrant pas les critères. Associations fréquentes : poids placentaire diminué, hémorragie intra-utérine/caillot rétroplacentaire, malperfusion vasculaire maternelle, villite basale chronique, déciduite plasmocytaire.	benirschke ch14	A layer of decidualized endometrium normally separates the placenta  from the myometrium. The diagnostic feature of PAS is the loss of this  decidual layer.	Les extraits définissent explicitement le placenta accreta par l'implantation des villosités choriales sur le myomètre sans décidue interposée, la perte de la couche déciduale étant le critère histologique diagnostique. Le vocabulaire ne comporte que l'entité clinique « Placenta accreta spectrum », l'« Invasion trophoblastique myométriale » et les « Cellules musculaires lisses myométriales dans la décidua » (fibres myométriales de la plaque basale), mais aucun élément codant l'absence/raréfaction de la décidue basale interposée.
ACCRETA	moyenne	Absence / interruption de la couche fibrinoïde de Nitabuch	rejetee	non												Les extraits décrivent au contraire la strie de Nitabuch comme normalement incomplète, se dédoublant et se rejoignant avec interposition de cellules trophoblastiques ou déciduales : son interruption n'est donc pas un critère morphologique fiable ni une entité nosologique. Ce qui est décrit comme absent dans le placenta accreta spectrum est la zone de clivage/décidua sous-jacente avec villosités d'ancrage adhérant ou envahissant le myomètre, déjà codé par « Placenta accreta spectrum » et « Invasion trophoblastique myométriale ».
ACCRETA	moyenne	Villosités au contact direct des fibres musculaires lisses myométriales (contact villo-myométrial)	confirmee	oui		Contact villo-myométrial direct (accreta histologique)	Chorionic villi in direct contact with myometrium (histologic accreta)	contact direct des villosités choriales avec les fibres musculaires lisses myométriales, sans décidue interposée	plaque basale / interface villosités–myomètre	accreta histologique, absence de décidue interposée, fibrine de Rohr/Nitabuch éventuellement interposée, sur placenta délivré ou pièce d'hystérectomie	focal ou étendu le long de la plaque basale	element	Sur coupes de plaque basale orientées sur tranche (H&E), présence de fibres musculaires lisses myométriales (cytoplasme éosinophile, noyaux en cigare, disposition longitudinale ou en coupe transversale) directement au contact des villosités choriales basales et/ou de la fibrine de Rohr, sans couche déciduale interposée ; un trophoblaste extravilleux ou de la fibrine de Nitabuch peuvent s'interposer, voire de la décidue focale. Sur hystérectomie, implantation des villosités sur le myomètre sans décidue intermédiaire = accreta ; extension dans le myomètre = increta ; traversée du myomètre avec perforation séreuse = percreta. Actine musculaire lisse possible mais non recommandée en routine.	benirschke ch14	In accreta, chorionic villi are in direct contact with the myo- metrium [26] although there may be intervening extravillous trophoblast and Nitabuch’s fibrin seen and even occasionally focal decidua.	Les extraits documentent explicitement le critère histologique du contact direct villosités–myomètre sans décidue interposée (« histologic accreta »), qui n'est décrit par aucun terme du vocabulaire : « Placenta accreta spectrum » est l'entité clinique gradée, « Invasion trophoblastique myométriale » concerne le trophoblaste extravilleux et « Cellules musculaires lisses myométriales dans la décidua » est une structure, pas la relation villo-myométriale.
ACCRETA	basse	Cicatrice de césarienne / déhiscence myométriale associée au PAS	confirmee	oui		Implantation sur cicatrice de césarienne avec déhiscence / amincissement myométrial (contexte du PAS)	Caesarean scar implantation with myometrial dehiscence/thinning (PAS setting)	implantation placentaire sur tissu cicatriciel avec amincissement ou déhiscence de la paroi utérine	myomètre du segment utérin inférieur / cicatrice d'hystérotomie et plaque basale sus-jacente	cicatriciel, amincissement myométrial, déhiscence, segment inférieur, associé au placenta accreta spectrum	focal, limité au site cicatriciel	entite	Villosités/placenta adhérant en regard d'une cicatrice de césarienne, avec paroi utérine amincie ou déhiscente sous le lit placentaire (grades 2–3 du PAS) ; décidue absente ou réduite, fibrose cicatricielle du myomètre. L'adhérence à la cicatrice seule ne suffit pas au diagnostic de PAS : celui-ci exige la preuve d'une invasion myométriale, d'où la nécessité de prélever aussi à distance de la cicatrice. À différencier de l'amincissement physiologique d'une cicatrice antérieure, en l'absence de bande d'invasion villositaire avec fibrose.	benirschke ch14	cesarean scar with implantation of the pregnancy in the pouch, has been shown to be highly associated with PAS [50, 51].	Les extraits documentent explicitement l'implantation sur cicatrice de césarienne et la déhiscence/amincissement myométrial comme contexte anatomique du PAS ; aucun terme du vocabulaire ne décrit ce substrat cicatriciel (seuls « Placenta accreta spectrum », « Invasion trophoblastique myométriale » et « Implantation superficielle du placenta » existent).
ACCRETA	basse	Placenta praevia (accreta praevia)	confirmee	oui		Placenta praevia (implantation basse / recouvrante)	Placenta praevia (previa)	implantation anormalement basse du disque placentaire recouvrant ou avoisinant l'orifice cervical interne	segment inférieur utérin / bord placentaire et orifice cervical interne	recouvrant (major), bas-inséré (< 20 mm, minor), bord placentaire disrupté et hémorragique, caillots anciens organisés, association au placenta accreta spectrum, insertion marginale ou vélamenteuse du cordon associée	focale, limitée au bord placentaire bas-inséré / segmentaire	entite	Diagnostic essentiellement clinico-échographique : placenta recouvrant l'orifice cervical interne (praevia proprement dit) ou bord placentaire à moins de 20 mm de l'orifice (placenta bas-inséré) ; anciennes gradations 1 à 4 (mineur, marginal, partiel, complet). À l'examen du placenta délivré : absence de marge libre des membranes (distance rupture–bord nulle), bord placentaire disrupté et hémorragique, caillots anciens laminés bruns à verdâtres, vaisseaux choriaux marginaux rompus, portions basses parfois atrophiques ou infarcies ; fréquence accrue d'insertion cordonale marginale/anormale et de circumvallation. Rechercher systématiquement un spectre accreta associé (fibres myométriales de la plaque basale).	benirschke ch17	In major placenta previa, the placenta shows either partial or complete overlap with the internal cervical os.	Le placenta praevia est largement documenté dans les extraits (chapitre dédié de Benirschke sur les aberrations de forme/siège, définitions sonographiques, corrélats macroscopiques, association au spectre accreta) et aucun terme du vocabulaire ne le désigne : seuls « Vasa praevia » et « Implantation superficielle du placenta » existent, qui sont des entités distinctes.
AMSTERDAM	haute	MIR grade 2 (chorioamnionite aiguë sévère : polynucléaires confluents, ≥ 3 foyers)	deja_couverte	oui	foeto_grades: MEM-INF-010/011/012 grade 2	MIR Grade 2 — Chorioamnionite aiguë sévère	MIR Grade 2 — severe acute chorioamnionitis	inflammation aiguë sévère (polynucléaires confluents / microabcès)	membranes extraplacentaires et plaque choriale (chorion, amnios, zone sous-choriale)	aigu, sévère, grade 2, réponse inflammatoire maternelle, confluent, microabcès sous-choriaux	confluent, focal à diffus	pattern	Gradation de la réponse inflammatoire maternelle, applicable quel que soit le stade (1 à 3) : grade 2 = infiltrat sévère, avec polynucléaires neutrophiles confluents et/ou microabcès sous-choriaux (par opposition au grade 1, non sévère selon ces critères). Exemples illustrés : subchorionite aiguë avec abcès (stade 1, grade 2) ; chorioamnionite aiguë sévère diffuse avec nécrose de la membrane amniotique (stade 3, grade 2).	amsterdam ch1	Grade 2—severe: confluent polymorphonuclear leukocytes or with subchorionic microabscesses	Le grade est un axe, pas une entité : il vit dans foeto_grades, attaché à chaque terme de stade. Critère de grade 2 réécrit sur le texte d'Amsterdam le 2026-08-06.
AMSTERDAM	haute	Nœud vrai du cordon ombilical	confirmee	oui		Nœud vrai du cordon ombilical	True umbilical cord knot	nœud vrai (lésion mécanique par passage du fœtus dans une boucle du cordon)	cordon ombilical	serré, lâche, avec obstruction veineuse, congestion d'aval, thrombose associée, empreinte persistante après dénouage	focal	entite	Macroscopie : boucle réellement nouée du cordon (incidence 0,04–1,5 % des accouchements), à distinguer du faux nœud (pseudo-nœud non mécanique par redondance vasculaire ou excès de gelée de Wharton). Nœud lâche = sans obstruction, sans conséquence clinique. Nœud serré = empreintes / sillons profonds persistant après dénouage, compression des lumières vasculaires et raréfaction de la gelée de Wharton au site, congestion du versant placentaire par obstruction veineuse prédominante, parfois hémorragie dans la gelée de Wharton. Rechercher systématiquement une thrombose de la veine ombilicale ou des veines de la plaque choriale (calcifications pariétales si ancienne). Histologie : diminution de la gelée de Wharton, collapsus aigu des lumières vasculaires des villosités souches, dépôts de fibrine, septation intraluminale réactionnelle en cas de trouble de perfusion ancien. Association : cordon long, hydramnios, jumeaux monoamniotiques, cause de mort fœtale in utero ou per-partum.	benirschke ch16	Although knots are important clinical findings, with an associated fetal mortality of around 10% [447], it is surprising how little has been written about them.	Le nœud vrai du cordon est une entité funiculaire documentée dans les trois ouvrages (chapitre dédié chez Khong 2019, Vogel ch3, Benirschke ch16) et aucun terme du vocabulaire ne le désigne : « Nœuds syncytiaux (vrais) » concerne le syncytiotrophoblaste et « Torsion / coarctation du cordon ombilical » est une lésion distincte.
AMSTERDAM	moyenne	Microabcès sous-chorionique (critère de sévérité du MIR grade 2)	confirmee	oui		MIR Grade 2 — Microabcès sous-chorionique	Subchorionic microabscess (maternal inflammatory response, grade 2)	Microabcès (collection focale confluente de polynucléaires neutrophiles avec destruction tissulaire)	Fibrine sous-choriale / zone sous-choriale de la plaque choriale	aigu, sévère, grade 2, réponse inflammatoire maternelle	focal à multifocal, sous-chorial	element	Amas focaux confluents de polynucléaires neutrophiles maternels formant de véritables microabcès dans la fibrine sous-choriale / immédiatement sous la plaque choriale, au contact de l'espace intervilleux sous-chorial. Constitue, avec l'infiltrat polynucléaire confluent, le critère de sévérité définissant le grade 2 de la réponse inflammatoire maternelle (quel que soit le stade 1 à 3). À distinguer des microabcès intervillositaires de la placentite hématogène (listériose) et des microabcès sous-amniotiques du cordon (candidose).	amsterdam ch1	Grade 2—severe: confluent polymorphonuclear leukocytes or with subchorionic microabscesses	Le microabcès sous-chorionique est le critère histologique explicite du grade 2 de la réponse inflammatoire maternelle dans le consensus d'Amsterdam ; aucun terme du vocabulaire ne le désigne (les microabcès existants sont intervillositaires/listériens ou sous-amniotiques du cordon, et l'« Abcès décidual » siège dans la décidue).
AMSTERDAM	moyenne	Macrophages spumeux pariétaux / artériopathie déciduale à cellules spumeuses	deja_couverte	oui	Athérose aiguë des artères spiralées									amsterdam ch1	Acute atherosis: there is fibrinoid necrosis with lipid-laden macrophages and a slight perivascular lymphocytic infiltrate	Les macrophages spumeux pariétaux ne constituent pas une entité autonome : ils sont l'élément définitionnel de l'athérose aiguë, décrite explicitement comme la « lésion à cellules spumeuses » des artères spiralées. Le vocabulaire couvre déjà cette lésion (Athérose aiguë des artères spiralées, Athérose aiguë déciduale, Athérose des vaisseaux déciduaux), sous le chapeau Artériopathie déciduale.
AMSTERDAM	moyenne	Déciduite chronique à plasmocytes	deja_couverte	oui	Déciduite chronique									khong2019 ch33	Lymphoplasmacytic deciduitis, Chronic lympho- plasmacytic deciduitis, Chronic deciduitis with  plasma cells, Chronic plasma cell deciduitis,  Chronic lymphocytic deciduitis.	Le chapitre 33 de Khong 2019 liste explicitement « Chronic plasma cell deciduitis » et « Chronic deciduitis with plasma cells » comme de simples SYNONYMES de la déciduite chronique, entité unique dont la définition inclut d'emblée l'infiltrat plasmocytaire ; il ne s'agit pas d'une entité distincte à créer.
AMSTERDAM	moyenne	Cordon grêle (diamètre réduit / hypoplasie du cordon)	confirmee	oui		Cordon ombilical grêle (diamètre réduit)	Thin umbilical cord (reduced cord diameter)	réduction du calibre / hypoplasie	cordon ombilical	macroscopique, diamètre < 10e percentile ou < 8 mm à terme, associé à la malperfusion vasculaire maternelle, associé au RCIU et à la prééclampsie, gelée de Wharton déficiente	diffus sur toute la longueur du cordon (forme segmentaire = coarctation/sténose)	entite	Cordon dont le diamètre est inférieur au 10e percentile pour l'âge gestationnel, ou < 8 mm à terme, apprécié macroscopiquement sur un segment non oedématié ni comprimé ; item retenu avec le poids placentaire < 10e percentile pour définir l'hypoplasie placentaire de la malperfusion vasculaire maternelle. Histologiquement, déficit de gelée de Wharton avec vaisseaux peu protégés, parfois calcifications vasculaires ; à distinguer de la forme localisée par torsion (coarctation / sténose segmentaire) et des anomalies de longueur.	benirschke ch16	In the prototype of an abnormally thin cord, there is a deficiency of Wharton’s jelly, and compression of vessels is a greater possibility than when they are protected.	Le cordon grêle est un descripteur macroscopique quantifiable (diamètre < 10e percentile ou < 8 mm à terme) entrant dans la définition de l'hypoplasie placentaire/MVM ; le vocabulaire ne contient que son substrat histologique (« Déficit en gelée de Wharton ») et les anomalies opposées ou de longueur.
AMSTERDAM	moyenne	Infarctus de siège central (et seuil > 5 % du parenchyme)	rejetee	non	MVM — Infarctus											Les extraits ne documentent ni un « infarctus de siège central » comme entité distincte, ni un seuil quantifié de 5 % du parenchyme ; le seul passage disponible ne fait que dire que l'infarctus périphérique n'est généralement pas significatif à terme. La localisation centrale et l'étendue sont des qualifieurs de significativité de la lésion déjà codée (« MVM — Infarctus », « Infarctus villositaire », « Infarctus marginal »), non une entité nosologique autonome.
AMSTERDAM	moyenne	FIR grade 2 — atténuation / dégénérescence du muscle lisse vasculaire avec polynucléaires intramuraux quasi confluents	deja_couverte	oui	foeto_grades: COR-INF-003/004/005 grade 2	FIR Grade 2 — polynucléaires intramuraux quasi confluents avec atténuation du muscle lisse vasculaire	FIR Grade 2 — near-confluent intramural neutrophils with attenuation of vascular smooth muscle	inflammation aiguë sévère (réponse inflammatoire fœtale) avec atténuation/dégénérescence du muscle lisse	paroi des vaisseaux ombilicaux et/ou des vaisseaux de la plaque choriale	grade 2, sévère, quasi confluent, intramural, réponse inflammatoire fœtale	intramural quasi confluent, circonférentiel ou segmentaire selon les vaisseaux atteints	pattern	Gradation (intensité) de la réponse inflammatoire fœtale, indépendante du stade : grade 1 = non sévère ; grade 2 = sévère, défini par des polynucléaires neutrophiles intramuraux quasi confluents dans la paroi d'un vaisseau ombilical ou chorial, associés à une atténuation (perte/dégénérescence) du muscle lisse vasculaire. À distinguer du stade 3 (funisite nécrosante : bandes de polynucléaires dégénérés et débris cellulaires en arcs concentriques autour des vaisseaux, parfois calcifiés).	amsterdam ch1	Grade 2—severe: near-confluent intramural polymorphonuclear leukocytes with attenuation of vascular smooth muscle	Grade, pas entité : le critère de sévérité est porté par foeto_grades sur chaque terme de stade de la FIR. Réécrit sur le texte d'Amsterdam le 2026-08-06.
AMSTERDAM	basse	Thrombus non occlusifs (critère de FVM globale)	confirmee	oui		Thrombus non occlusif des vaisseaux fœtaux placentaires	Non-occlusive thrombus of fetal placental vessels	thrombose non occlusive	vaisseaux fœtaux de la plaque choriale et des villosités tronculaires	non occlusif, obstruction partielle ou intermittente, artériel ou veineux, intramural / subendothélial, avec ou sans calcification	focal à multifocal, pouvant être disséminé (contribue au pattern global de FVM)	element	Thrombus adhérent à la paroi d'un vaisseau fœtal (plaque choriale ou villosité tronculaire) laissant persister une lumière perméable : stase sanguine, cohésion érythrocytaire, hémolyse et coagulation fibrineuse partielle, coussinet fibrineux intimal / dépôt subendothélial ou intramusculaire, avec ou sans calcification ; limite nette possible avec le caillot frais adjacent. Sur pièce macroscopique, le thrombus paraît distendre le vaisseau. Sa reconnaissance participe au pattern global de FVM (débit ombilical partiellement obstrué) et à la gradation : ≥ 2 thrombus occlusifs ou non occlusifs de la plaque choriale ou des villosités tronculaires, ou de multiples thrombus non occlusifs, définissent une FVM de haut grade.	vogel ch6	Fig. 6.6: Non occlusive thrombus in a stem villus vessel (very early stage) with stasis of the blood,  erythrocyte cohesion, hemolysis and partial fibrin coagulation.	Le thrombus non occlusif est explicitement décrit et compté comme critère de FVM (obstruction partielle/intermittente, et ≥ 2 thrombus occlusifs ou non occlusifs pour le haut grade). Aucun terme du vocabulaire ne porte ce caractère non occlusif : les termes existants qualifient l'ancienneté (récent, organisé, calcifié) ou le calibre, pas le degré d'occlusion.
AMSTERDAM	basse	Placentation extrachoriale (chapeau)	confirmee	oui		Placentation extrachoriale	Extrachorial placentation	insertion anormale des membranes en dedans du bord du disque, avec parenchyme villositaire s'étendant au-delà de la plaque choriale	insertion des membranes extraplacentaires / marge du disque placentaire	circummarginée, circumvallée, partielle, complète	circonférentiel partiel ou complet à la marge du disque	entite	Les membranes quittent la plaque choriale en dedans de la circonférence du disque, la plaque choriale étant plus petite que la plaque basale, avec du parenchyme villositaire « nu » débordant au-delà du point de rencontre plaque choriale/membranes. Jonction plane = circummarginée ; bourrelet surélevé avec repli des membranes vers l'intérieur et anneau fibrineux palpable = circumvallée. Fibrine marginale jaune-brun et hématomes anciens/récents fréquents ; intérêt diagnostique : reconnaissance d'un décollement chronique.	khong2019 ch2	Insertion of the membranes inside the circumference of the placenta is termed extrachorial placentation. In circummarginate insertion, the junction between chorionic plate and membranes is flat.	Les extraits (Khong 2019 ch2, Benirschke ch15) définissent explicitement la « placentation extrachoriale » comme catégorie englobante dont les formes circummarginée et circumvallée sont les deux variantes ; le vocabulaire ne contient que les deux variantes, sans le terme chapeau.
AMSTERDAM	basse	VUE — distribution focale / multifocale / diffuse	deja_couverte	oui	VUE Low grade / VUE High grade									amsterdam ch1	as multifocal when they are present in more than one slide, all foci affecting fewer than 10 contiguous villi. High-grade lesions should be further classiﬁed as patchy when there are multiple foci	Focal/multifocal et patchy/diffus ne sont pas une entité mais les modalités de distribution qui définissent précisément les deux grades d'Amsterdam : le bas grade est par définition focal/multifocal (< 10 villosités contiguës) et le haut grade patchy/diffus. Ces qualificatifs sont donc intégrés aux termes « VUE Low grade » et « VUE High grade » déjà présents, et la topographie (parabasale/basale, médioparenchymateuse, sous-choriale) est un descripteur de localisation, non une entité nosologique distincte.
BENIRSCHKE	haute	Môle hydatiforme complète	confirmee	oui		Môle hydatiforme complète	Complete hydatidiform mole	prolifération trophoblastique avec transformation hydropique villositaire diffuse	villosités choriales / trophoblaste	citernes villositaires, avasculaire, hyperplasie trophoblastique circonférentielle, p57kip2 négatif, androgénétique diploïde	diffus (toutes les villosités)	entite	Placenta diffusément œdémateux et augmenté de volume, avec villosités macroscopiquement élargies en grappes contenant des cavités liquidiennes de type citerne ; prolifération trophoblastique pouvant être floride, de disposition concentrique (à distinguer de l'hyperplasie « excentrique » des colonnes trophoblastiques d'une gestation aneuploïde) ; absence habituelle de vaisseaux fœtaux (des structures vasculaires et parfois des hématies nucléées peuvent être décelées, notamment par CD34) ; villosités reliées entre elles par de fins tractus conjonctifs (anciennes villosités-troncs) ; thrombi intervilleux fréquents ; absence d'embryon ou de cavité chorionique dans la règle. Toutes les villosités sont atteintes (par opposition à la môle partielle où villosités normales et œdémateuses sont mêlées). Dans les formes précoces, l'œdème et la prolifération trophoblastique sont moins marqués et le diagnostic différentiel se pose avec l'avortement hydropique : l'immunomarquage p57KIP2 (perte d'expression) tranche.	benirschke ch28	Complete hydatidiform moles, in their classic second trimester presentation, are characterized by massive fluid accumulation within the villous parenchyma; this fluid characteristically leads to the formation of cyst-like structures or cisternae within the villi, and trophoblastic proliferation may be florid.	Le chapitre 28 de Benirschke décrit la môle hydatiforme complète comme une entité nosologique à part entière (villosités diffusément œdémateuses, citernes, prolifération trophoblastique, absence de vaisseaux fœtaux). Le vocabulaire ne contient que des éléments constitutifs isolés (hyperplasie trophoblastique, citerne villeuse, perte de p57kip2) sans entité chapeau.
BENIRSCHKE	haute	Môle hydatiforme partielle	confirmee	oui		Môle hydatiforme partielle	Partial hydatidiform mole	maladie trophoblastique gestationnelle avec œdème villositaire et hyperplasie trophoblastique focale	villosités choriales	triploïdie (diandrique), population villositaire dimorphe, citernes villositaires, hyperplasie trophoblastique focale, pseudo-inclusions trophoblastiques, contours villositaires irréguliers/festonnés, p57kip2 conservé dans le cytotrophoblaste et le stroma villositaire, fœtus/tissu fœtal présent	focal — mélange de villosités hydropiques et de villosités d'aspect normal (dimorphisme)	entite	Population villositaire dimorphe : villosités hydropiques élargies avec citernes, contours irréguliers et pseudo-inclusions trophoblastiques, admixtes à des villosités de taille normale, souvent vascularisées ; œdème et prolifération trophoblastique moins marqués que dans la môle complète, hyperplasie trophoblastique seulement focale ; présence habituelle de tissus fœtaux/embryon (fœtus triploïde non viable) ; p57kip2 reste exprimé (contrairement à la môle complète), génotypage montrant une triploïdie diandrique. Le diagnostic est difficile en histologie seule, surtout au premier trimestre, et requiert souvent immunohistochimie et génotypage.	benirschke ch28	When “normal” villi are admixed with these edematous villi, often with less edema and trophoblast proliferation, and usually with evidence of the existence of a fetus, then the process is called a “partial” mole.	Le vocabulaire contient les éléments élémentaires (pseudo-inclusions trophoblastiques, expression de p57kip2, citerne villeuse, hyperplasie trophoblastique) mais aucun terme ne désigne le diagnostic de môle hydatiforme partielle, entité explicitement traitée par Benirschke ch28 (référentiel BENIRSCHKE, tumeurs / maladies trophoblastiques gestationnelles).
BENIRSCHKE	haute	Placentite / villite syphilitique (Treponema pallidum)	confirmee	oui		Placentite / villite syphilitique (Treponema pallidum)	Syphilitic placentitis / villitis (Treponema pallidum)	villite chronique infectieuse avec endovasculite proliférative	villosités choriales, villosités souches, plaque choriale, cordon ombilical, décidue	étiologie identifiée, Treponema pallidum, histiocytaire, lymphoplasmocytaire, endangéite oblitérante, funiculite nécrosante, Warthin-Starry / IHC / PCR positifs	diffus, avec placentomégalie pâle	entite	Macroscopie : placenta massivement augmenté de volume et pâle, parfois hydrops placentae. Histologie (triade) : villosités choriales élargies et hypercellulaires par infiltrat mononucléé à prédominance histiocytaire (CD68+), avec infiltrat lymphoplasmocytaire villositaire et décidual ; modifications vasculaires fœtales prolifératives — endovasculite/endangéite oblitérante des villosités souches et de la plaque choriale avec sclérose concentrique périvasculaire, rétrécissement, occlusion thrombotique ou recanalisation luminale ; villite aiguë ou chronique, avec dans les formes sévères abcès ou nécrose villositaire (granulomes rares). Fréquemment : funiculite nécrosante et vascularite, exsudat inflammatoire nécrosant périvasculaire pouvant se calcifier, arrêt/retard de maturation villositaire à stroma cellulaire. Aucun signe pathognomonique : confirmation par mise en évidence des spirochètes (Warthin-Starry, immunohistochimie anti-Treponema pallidum, PCR), le cordon ombilical étant le site le plus rentable.	vogel ch9	Congenital Syphilis is caused by Treponema pallidum. The three clinically infectious	Les extraits de Khong 2019 (ch29) et Vogel ch9 décrivent la villite/placentite syphilitique comme entité étiologique propre (triade histologique, endovasculite proliférative, funiculite nécrosante, mise en évidence de Treponema pallidum). Aucun terme du vocabulaire ne nomme la syphilis, alors que CMV, toxoplasmose, listériose, parvovirus et HSV le sont.
BENIRSCHKE	haute	Placentite palustre (intervillite à Plasmodium, pigment malarique / hémozoïne)	confirmee	oui		Placentite palustre (intervillite chronique à Plasmodium avec pigment malarique)	Placental malaria (chronic intervillositis with malarial pigment/haemozoin)	intervillite chronique histiocytaire avec dépôt de pigment malarique (hémozoïne) et hématies parasitées intervilleuses	espace intervilleux	étiologie identifiée (Plasmodium falciparum), pigment hémozoïne, histiocytaire/monocytaire, dépôts de fibrine intervilleuse augmentés, hématies parasitées et lytiques	diffus, souvent massif (≥ 75 % de l'espace intervilleux atteint)	entite	Infiltrat mononucléé maternel de l'espace intervilleux fait principalement de monocytes/histiocytes (CD68+, CD45+), fréquemment massif (≥ 75 % de l'espace intervilleux), avec dépôts de fibrine intervilleuse augmentés et lésions dégénératives du syncytiotrophoblaste (nœuds syncytiaux). Présence d'hématies maternelles parasitées dans l'espace intervilleux (env. 30 % des cas) et de pigment malarique (hémozoïne) intracytoplasmique dans les macrophages, dans le fibrinoïde ou libre, identifiable en lumière polarisée ; parasites mieux vus sur frottis colorés au Giemsa. Absence de pigment ou de parasite dans le stroma villositaire et la circulation fœtale (le placenta agit comme barrière). Possible thrombose vasculaire fœtale associée ; risque de fausse couche, RCIU et MFIU.	vogel ch9	Histiocytic intervillositis. Numerous histiocytes and macrophages in the intervillous space. Intracellular malaria pigment under polarized light.	Le paludisme placentaire est explicitement documenté dans les extraits (intervillite chronique histiocytaire massive avec hématies parasitées et pigment malarique en lumière polarisée). Aucun terme du vocabulaire ne désigne cette forme étiologique ; « Intervillosite chronique histiocytaire » / « Intervillite chronique massive » désignent la forme idiopathique.
BENIRSCHKE	haute	Placentite à SARS-CoV-2 (nécrose trophoblastique + intervillite histiocytaire + fibrine périvillositaire)	rejetee	non												Aucun des extraits fournis ne mentionne le SARS-CoV-2 ni la triade placentitis associée ; les passages ne documentent que l'intervillite histiocytaire chronique, les dépôts fibrinoïdes périvillositaires et les placentites génériques. L'entité n'est donc pas étayée par le corpus soumis.
BENIRSCHKE	moyenne	Tumeur trophoblastique du site d'implantation (PSTT)	confirmee	oui		Tumeur trophoblastique du site d'implantation (PSTT)	Placental site trophoblastic tumor (PSTT)	néoplasie trophoblastique	site d'implantation (endomètre / myomètre, artères spiralées)	trophoblaste intermédiaire, invasion myométriale dissécante, invasion vasculaire avec remplacement pariétal, index mitotique 2-4/10 HPF, hCG faiblement élevée (<1000 UI/L)	masse focale circonscrite ou mal limitée, croissance infiltrative dissécante	entite	Masse endomyométriale visible macroscopiquement (moyenne ~5 cm), surface de coupe molle, chamois à jaune, hémorragie focale dans la moitié des cas (moins étendue que dans le choriocarcinome), nécrose rare. Histologiquement : nappes densément cellulaires de cellules trophoblastiques intermédiaires mononucléées, cytoplasme amphophile/éosinophile parfois clair, nombre variable de cellules géantes de type trophoblaste intermédiaire ; index mitotique habituellement 2-4/10 HPF ; infiltration du myomètre isolément ou en petits groupes selon un mode dissécant préservant les fibres musculaires (parfois destructif) ; invasion vasculaire caractéristique avec remplacement de la paroi des artères spiralées par le trophoblaste intermédiaire et du matériel fibrinoïde éosinophile formant des « anneaux pâles éosinophiles » avec lumière centrale préservée. Immunophénotype : MelCAM+, inhibine+, p63−, index Mib-1/Ki-67 élevé. Diagnostic différentiel principal : site placentaire exagéré (EPS), bénin, sans formation tumorale, sans activité mitotique et avec villosités souvent présentes.	vogel ch12	PSTT represents a rare neoplastic lesion of the implantation site (Ch. 11) [1,76]. The detailed histogenesis is unclear [96] but, the presence of X-chromosome related infor-mation may be necessary prerequisite as these tumors lack a Y-chromosome	La PSTT est largement documentée dans les extraits (Vogel ch12, Benirschke ch29, Horii ch30) comme entité néoplasique distincte du site d'implantation ; le vocabulaire ne contient que des termes d'anatomie normale ou d'hyperplasie réactionnelle du site d'implantation, aucune entité tumorale trophoblastique du site d'implantation.
BENIRSCHKE	moyenne	Métastases placentaires maternelles (mélanome, carcinome) et fœtales	confirmee	oui		Métastase placentaire (tumeur secondaire d'origine maternelle ou fœtale)	Placental metastasis (secondary tumour of maternal or fetal origin)	métastase tumorale (tumeur secondaire)	espace intervilleux, stroma villositaire, vaisseaux fœtaux villositaires	origine maternelle (mélanome, carcinome mammaire, pulmonaire, leucémie, lymphome), origine fœtale (neuroblastome, leucémie congénitale, hépatoblastome), avec ou sans invasion villositaire / vasculaire fœtale, dépôts nodulaires ou infiltrat diffus	focale nodulaire ou diffuse intervillositaire	entite	Amas lâches ou nodules solides de cellules malignes non vascularisés dans l'espace intervilleux, avec atypie nucléaire variable, parfois pigment cytoplasmique (mélanome) ou nécrose centrale (carcinome mammaire) ; possible mimétisme du trophoblaste extravilleux (intermédiaire) ou d'une intervillite, d'où recours large à l'immunohistochimie (Melan A positif, hCG négatif dans la métastase). L'invasion des villosités choriales et/ou des vaisseaux fœtaux n'est présente que dans une minorité de cas et définit le risque de métastase fœtale (~50 % d'invasion chorionique dans le mélanome). Les métastases d'origine fœtale (neuroblastome, leucémie congénitale, hépatoblastome) siègent dans les capillaires fœtaux villositaires et le stroma des villosités souches et intermédiaires, souvent avec macrosomie placentaire, immaturité villositaire, œdème stromal et hydrops. Macroscopie souvent normale, parfois nodules pâles, fibrine périvillositaire ou infarctus.	vogel ch10	Secondary tumors in the placenta are defined as metastatic tumors originating from a  primary maternal or fetal tumor.	Les extraits documentent explicitement une entité nosologique « secondary tumors in the placenta / metastatic maternal malignancy », définie comme métastase d'un primitif maternel ou fœtal, avec ses sièges (espace intervilleux, stroma villositaire, capillaires fœtaux). Le vocabulaire ne contient que deux descripteurs cytologiques élémentaires (« Cellules anormales dans l'espace intervillositaire », « Cellules tumorales non hématopoïétiques dans la circulation fœtale placentaire »), sans entité de métastase placentaire ni distinction origine maternelle/fœtale.
BENIRSCHKE	moyenne	Triploïdie (phénotype placentaire)	confirmee	oui		Triploïdie — phénotype placentaire	Triploidy — placental phenotype	phénotype placentaire d'anomalie chromosomique (polyploïdie)	villosités choriales et masse placentaire globale	diandrique (dipaternel), digynique (dimaternel), villosités hydropiques focales, inclusions/pseudo-inclusions trophoblastiques, hyperplasie trophoblastique polaire focale, p57kip2 conservé, RCIU fœtal associé, artère ombilicale unique fréquente	diffus avec population villositaire dimorphe (villosités hydropiques mêlées à des villosités de taille normale)	entite	Grossesse triploïde (69,XXX/XXY/XYY) avec deux phénotypes placentaires : forme diandrique (deux jeux paternels) donnant un placenta relativement volumineux avec changements de môle partielle — population villositaire dimorphe, villosités hydropiques à citernes, contours festonnés, inclusions trophoblastiques, hyperplasie trophoblastique focale polaire, p57kip2 conservé (origine maternelle présente) ; forme digynique (deux jeux maternels) donnant un placenta très petit, sans phénotype molaire, avec petites villosités et proliférations trophoblastiques polaires. Fœtus fréquemment hypotrophe et malformé (syndactylie), artère ombilicale unique fréquente. Confirmation par caryotype ou analyse de ploïdie ; noter que toute môle partielle est triploïde, mais toute triploïdie n'a pas de phénotype molaire.	horii2018 ch30	It is important to keep in mind that although all partial moles are triploid, only a portion of triploid gestations demonstrate a molar phenotype.	Les extraits décrivent explicitement un phénotype placentaire propre à la triploïdie, distinct de la môle partielle (formes diandrique à grand placenta molaire vs digynique à petit placenta non molaire), et aucun terme du vocabulaire ne désigne un phénotype placentaire d'anomalie chromosomique.
BENIRSCHKE	moyenne	Mosaïcisme confiné au placenta	confirmee	oui		Mosaïcisme confiné au placenta (CPM)	Confined placental mosaicism (CPM)	mosaïcisme chromosomique (lignée aneuploïde) limité aux tissus placentaires, avec caryotype fœtal euploïde	villosités choriales (cytotrophoblaste principalement), chorion	aneuploïdie confinée au placenta, trisomie 16 la plus fréquente, caryotype fœtal normal, associé au RCIU et aux morts fœtales inexpliquées, diagnostic sur biopsie de villosités choriales / FISH / QF-PCR / aCGH-SNP, peut sous-tendre une disomie uniparentale	focal / en mosaïque (lignées cellulaires juxtaposées, échantillonnage multiple des villosités nécessaire)	entite	Mise en évidence d'une lignée cellulaire aneuploïde (le plus souvent trisomie 16, 13 ou 18) dans le tissu placentaire — de façon caractéristique dans le cytotrophoblaste, sans atteinte du stroma villositaire, du chorion ni de l'amnios — alors que le caryotype fœtal (sang fœtal / chorion contenant un vaisseau fœtal) est euploïde. Discordance affirmée par étude comparative de l'ADN fœtal et placentaire (FISH, QF-PCR, aCGH, SNP array), avec préparations directes sur villosités multiples. Le placenta peut être macroscopiquement et histologiquement normal, mais volontiers hypotrophique ; contexte de RCIU, prééclampsie ou mort fœtale inexpliquée. Environ 10 % des grossesses avec CPM ont néanmoins une anomalie cytogénétique fœtale : le mosaïcisme n'est pas toujours confiné au placenta.	benirschke ch12	In a study of CPM of growth-restricted fetuses and placentas, Wilkins-Haug et al. [303] found it three times more commonly associated with IUGR. All neonates had normal blood karyotypes; their placentas were smaller but not histologically abnormal.	Le mosaïcisme confiné au placenta (CPM) est une entité cytogénétique explicitement nommée et longuement documentée dans Benirschke ch12 (et renvoyée en ch15), et le référentiel BENIRSCHKE la liste parmi les anomalies chromosomiques ; aucun terme du vocabulaire ne désigne une discordance caryotypique placento-fœtale (les seules « discordances » codées sont gémellaires).
BENIRSCHKE	moyenne	Placenta des mucopolysaccharidoses et de la sialidose (vacuolisation lysosomale étiquetée)	confirmee	oui		Placenta des mucopolysaccharidoses et de la sialidose (surcharge lysosomale étiquetée)	Placental changes in mucopolysaccharidoses and sialidosis (labelled lysosomal storage)	surcharge lysosomale avec vacuolisation cytoplasmique claire à contenu membrane-bound	cellules de Hofbauer, syncytiotrophoblaste, endothélium villositaire, trophoblaste extravilleux et épithélium amniotique	mucopolysaccharidose (MPS I, IV/Morquio, VI, VII/Sly), sialidose / maladie de surcharge en acide sialique (Salla), vacuoles claires membranaires, anasarque fœto-placentaire, RCIU, confirmation par microscopie électronique / PAS	diffus, homogène sur l'ensemble des villosités	entite	Placenta souvent pâle et volumineux, associé à un hydrops fœtal ou un RCIU. Vacuolisation cytoplasmique diffuse : dans les MPS, vacuolisation des cellules de Hofbauer avec œdème villositaire (MPS IV, VII), le trophoblaste étant souvent épargné ; dans la sialidose / surcharge en acide sialique, vacuolisation conjointe du syncytium, des cellules de Hofbauer, de l'endothélium, du trophoblaste extravilleux et de l'épithélium amniotique, avec vacuoles claires limitées par une membrane contenant un matériel amorphe et fibrillaire. PAS et/ou imprégnation argentique utiles ; microscopie électronique montrant des lysosomes élargis ; orientation vers l'analyse génique (GUSB, GALNS/GLB1, SLC17A5, NEU1).	benirschke ch24	Fig. 24.3  Vacuolation of the placental Hofbauer cells in a case of mucopolysaccharidosis (MPS) VII Fig. 24.4  Sialic acid storage disease: the Hofbauer cells, endothelium, and syncytium are packed with clear, membrane-bound vacuoles	Les extraits documentent explicitement une expression placentaire propre aux mucopolysaccharidoses (MPS IV, VII) et à la sialidose / maladie de surcharge en acide sialique, avec sites de vacuolisation caractéristiques. Le vocabulaire ne contient que des éléments descriptifs par compartiment (vacuolisation du syncytiotrophoblaste, des cellules de Hofbauer, produits de surcharge) et une seule entité étiquetée (Gaucher), sans entité nommée pour ces surcharges.
BENIRSCHKE	basse	Nodules de Langhans (plaque choriale, anatomie normale)	rejetee	non												Les extraits ne mentionnent que la couche fibrinoïde sous-choriale de Langhans (Langhans-Fibrinoid) et la couche cytotrophoblastique de Langhans (Langhans' layer) ; aucun « nodule de Langhans » n'y figure comme repère anatomique. Le terme est un artefact de dénomination, non une entité nosologique étayée.
GEMELLAIRE	haute	Syndrome transfuseur-transfusé (STT/TTTS) — entité diagnostique	confirmee	oui		Syndrome transfuseur-transfusé (STT/TTTS)	Twin-to-twin transfusion syndrome (TTTS)	transfusion sanguine déséquilibrée inter-fœtale par anastomoses vasculaires placentaires	placenta monochorionique (plaque choriale et anastomoses profondes intercotylédonaires)	aigu, chronique, jumeau donneur, jumeau receveur, stades de Quintero I-V	discordant entre les deux territoires placentaires (dichotomie donneur/receveur)	entite	Placenta monochorionique avec anastomoses vasculaires, le plus souvent artério-veineuses profondes (parfois A-A, rarement V-V sur la plaque choriale). Forme chronique : discordance pondérale des jumeaux > 15 %, polyhydramnios d'un côté / oligoamnios de l'autre, différence d'hémoglobine/hématocrite fœtale, territoire receveur congestif (cordon épais, tranche gris-rouge, chorangiose de type II, maturation villositaire mature/prématurée) et territoire donneur pâle (cordon grêle, arrêt ou retard de maturation villositaire, fibrose stromale, pycnose nucléaire et nœuds syncytiaux, dépôt microfibrineux intervilleux). Forme aiguë (< 5 % des syndromes transfusionnels) : shunt direct artériel ou veineux superficiel de la plaque choriale, placenta receveur rouge sombre et placenta/fœtus donneur pâle anémique, jumeaux de taille quasi identique, diagnostic par différentiel d'hémoglobine/hématocrite au sang du cordon.	vogel ch13	Twin-to-twin transfusion syndrome (TTTS) describes an exchange of blood from one  fetus to the other via placental vessel anastomoses.	Le vocabulaire ne comporte que des éléments microscopiques qualifiés « TTTS » (capillaires congestifs/vides) et le pattern TAPS ; l'entité chapeau syndrome transfuseur-transfusé, largement documentée au chapitre 13 de Vogel & Turowski et relevant du référentiel GEMELLAIRE, est absente.
GEMELLAIRE	haute	Stades I à V de Quintero (gradation du TTTS)	rejetee	non												Les stades I à V de Quintero constituent une stadification clinique anténatale échographique (oligo/polyhydramnios, Doppler, hydrops, décès) et non une lésion ni un phénotype identifiable sur l'examen placentaire ; les extraits ne la mentionnent qu'à titre bibliographique et en discutant sa faible valeur discriminante, sans aucun critère morphologique placentaire. Le vocabulaire, qui décrit des lésions et structures observables, n'a pas à l'intégrer (les corrélats placentaires du TTTS y sont déjà représentés : anastomoses A-A/A-V/V-V, discordance de coloration, capillaires congestifs/vides, TAPS).
GEMELLAIRE	haute	Stadification TAPS (Slaghekke) : stades anténatals 1-5 et stades post-nataux 1-4 fondés sur le ratio de diamètre des anastomoses	rejetee	non												"Les extraits documentent les critères diagnostiques de la TAPS (discordance d'hémoglobine > 8 g/dL, ratio de réticulocytes > 1,7, anastomoses de petit calibre < 1 mm, différence de couleur), mais ne décrivent aucun système de stadification en 5 stades anténatals / 4 stades post-nataux, et le ""ratio de diamètre des anastomoses"" n'est étayé nulle part (le ratio cité est celui des réticulocytes). La référence Slaghekke 2010 n'apparaît que dans la bibliographie, sans contenu. De plus une échelle de stadification clinico-échographique n'est pas une entité lésionnelle codable en pathologie placentaire ; l'aspect placentaire est déjà couvert par « Séquence anémie-polycythémie gémellaire (TAPS) — aspect placentaire »."
GEMELLAIRE	haute	Jumeau acardiaque / séquence TRAP (twin reversed arterial perfusion)	confirmee	oui		Jumeau acardiaque — séquence TRAP (perfusion artérielle inversée)	Acardiac twin — twin reversed arterial perfusion (TRAP) sequence	perfusion artérielle inversée d'un jumeau acardiaque par anastomoses superficielles artério-artérielle et veino-veineuse	placenta monochorionique — plaque choriale et anastomoses vasculaires interfœtales	monochorionique, monozygote, anastomose artério-artérielle, anastomose veino-veineuse, acardius, hemiacardius	territoire placentaire du jumeau acardiaque, souvent hypoplasique, avec insertions cordonales rapprochées	entite	Jumeau à cœur absent ou incomplètement développé (acardius, hemiacardius/acardius anceps), quasi exclusivement en grossesse monozygote monochorionique (~1 % des grossesses monochoriales). Le placenta comporte obligatoirement une anastomose artério-artérielle amenant le sang du co-jumeau normal à l'acardiaque et une anastomose veino-veineuse le ramenant : le flux est inversé (TRAP). Placentation DiMo ou MoMo ; amnion nodosum fréquent dans la cavité de l'acardiaque du fait de l'absence de production urinaire ; anomalies associées fréquentes (artère ombilicale unique, omphalocèle) ; insertions cordonales rapprochées ; risque d'enchevêtrement des cordons.	benirschke ch18	An acardiac twin is only possible due to the  presence of two anastomoses in the monochorionic placenta.  An A-A anastomosis brings blood from a usually normal co-­ twin to the acardiac twin; and a V-V anastomosis returns the  blood.	Les extraits de Benirschke ch18 et Vogel ch13 décrivent explicitement l'acardius et la séquence TRAP (perfusion artérielle inversée via anastomoses A-A et V-V d'un placenta monochorionique) ; aucun terme du vocabulaire ne désigne cette entité, seuls existent des termes d'anastomoses isolées et le fœtus papyraceus.
GEMELLAIRE	haute	Transfusion fœto-fœtale aiguë (péri-partum, jumeau pâle / jumeau pléthorique)	confirmee	oui		Transfusion fœto-fœtale aiguë (péri-partum)	Acute twin-to-twin transfusion (peripartum)	transfusion volémique aiguë inter-gémellaire par shunt superficiel	placenta monochorionique — anastomoses de la plaque choriale et territoires villositaires des deux jumeaux	aiguë, péri-partum, monochorionique, jumeau donneur pâle, jumeau receveur pléthorique	discordance nette entre les deux territoires placentaires (un territoire rouge sombre congestif, l'autre pâle anémique), sans discordance de croissance	entite	Placenta monochorionique avec anastomose superficielle directe artério-artérielle (A-A) et/ou veino-veineuse (V-V) sur la plaque choriale, souvent associée à des anastomoses villositaires profondes. Territoire du receveur rouge sombre, congestif (capillaires villositaires distendus) ; territoire du donneur pâle rouge/anémique. Fœtus de taille quasi identique (absence de discordance pondérale et d'hypotrophie chronique, contrairement au TTTS chronique), receveur congestif. Déclenchement par hypoxie/choc intra-utérin aigu ou, au moment de l'accouchement, transfusion du jumeau non encore né vers le jumeau né. Différence inexpliquée d'hémoglobine/hématocrite au sang de cordon, sans réticulocytose du donneur ni anastomoses minuscules <1 mm (qui orientent vers un TAPS).	vogel ch13	Acute TTTS is seen in the prenatal period and characterized by an acute intrauterine  transfer of blood volume from one twin (donor) to the other (recipient, acceptor). It is  reported to occur in less than 5 % of transfusion syndromes.	Les extraits de Vogel ch13 décrivent explicitement la transfusion fœto-fœtale aiguë comme entité distincte du TTTS chronique et du TAPS, avec critères macroscopiques propres ; le vocabulaire ne contient que des signes isolés non spécifiques (discordance de coloration, pléthore, pâleur villositaire) et aucune entité correspondante.
GEMELLAIRE	moyenne	Partage placentaire inégal / discordance de territoire placentaire entre jumeaux (Lewi, Khalil)	confirmee	oui		Partage placentaire inégal entre jumeaux (discordance de territoire placentaire)	Unequal placental sharing between twins (discordant placental territory)	Répartition asymétrique du territoire parenchymateux entre les deux jumeaux	Parenchyme placentaire — territoires vasculaires respectifs de chaque jumeau, de part et d'autre de l'équateur vasculaire	grossesse gémellaire, monochorionique, dichorionique, RCIU sélectif (sFGR), associé au TTTS, associé à l'insertion vélamenteuse ou marginale du cordon	discordant / asymétrique entre les deux territoires placentaires	entite	Après repérage de l'équateur vasculaire (anastomoses de surface, injection éventuelle) et de l'insertion des deux cordons, délimitation puis mesure comparative des deux territoires (surface et/ou poids parenchymateux attribué à chaque jumeau) : le partage est dit inégal lorsqu'un jumeau dispose d'un territoire nettement plus petit, ce dernier étant fréquemment associé à une insertion vélamenteuse ou marginale du cordon, alors que le jumeau eutrophique a un territoire plus large et une insertion (para-)centrale. La délimitation peut être imparfaite, des îlots parenchymateux d'un jumeau siégeant dans le territoire de l'autre (anastomoses profondes intracotylédonaires). Le territoire du petit jumeau montre souvent une hypoplasie villositaire distale et un placenta relativement sous-pondéré. En monochorionique, le degré de discordance de partage entre en compte dans la typologie de Gratacos du RCIU sélectif (types I à III, corrélée à la taille des anastomoses artério-artérielles).	benirschke ch32	sFGR in a monochorionic twin pregnancy results primarily from unequal placental sharing. Typically, the growth restricted fetus often has a small placental share and a velamentous cord	Le partage placentaire inégal est explicitement documenté dans le corpus (Benirschke ch32, ch18 ; Vogel ch13) comme déterminant principal du RCIU sélectif en monochorionique et comme association du TTTS. Aucun terme du vocabulaire n'exprime la discordance de territoire/surface placentaire entre jumeaux ; « Cotylédon partagé », « Équateur vasculaire placentaire » et « Discordance de coloration du parenchyme » désignent d'autres réalités.
GEMELLAIRE	moyenne	RCIU sélectif du jumeau monochorionique (sIUGR, types I-III de Gratacós)	confirmee	oui		RCIU sélectif du jumeau monochorionique (types I-III de Gratacós)	Selective intrauterine growth restriction in monochorionic twins (Gratacós types I–III)	restriction de croissance sélective par partage placentaire inégal	placenta monochorionique — territoires villositaires des deux jumeaux, insertion cordonale et anastomoses de l'équateur vasculaire	monochorionique, sélectif, partage placentaire inégal, anastomose artério-artérielle de gros calibre, types I-III de Gratacós, iAREDF	discordant entre les deux territoires du même disque placentaire	entite	Grossesse monochorionique avec discordance pondérale marquée, le jumeau le plus petit étant en restriction de croissance ; typage selon le Doppler de l'artère ombilicale du petit jumeau : type I flux diastolique positif, type II flux diastolique absent/inversé permanent, type III flux diastolique absent ou inversé intermittent (iAREDF). Substrat placentaire : partage inégal du disque avec territoire réduit pour le jumeau restreint, insertion cordonale souvent marginale ou vélamenteuse, morphologie de capacité de perfusion restreinte ; le type III est lié à la présence d'une (ou de) volumineuse(s) anastomose(s) artério-artérielle(s) à flux bidirectionnel périodique, à rechercher sur l'équateur vasculaire.	benirschke ch32	A classi- fication system for selective intrauterine growth restriction in monochorionic pregnancies according to umbilical artery Doppler flow in the smaller twin.	Le corpus documente explicitement la restriction de croissance intra-utérine sélective des jumeaux monochorioniques et la classification de Gratacós fondée sur le Doppler de l'artère ombilicale du plus petit jumeau, avec son substrat placentaire (grosses anastomoses artério-artérielles). Aucun terme du vocabulaire ne désigne cette entité gémellaire : TTTS, TAPS, discordance de coloration ou de maturité et les anastomoses isolées en sont distincts.
GEMELLAIRE	moyenne	Enchevêtrement / nœud des cordons ombilicaux (jumeaux monoamniotiques)	confirmee	oui		Enchevêtrement / nœud des cordons ombilicaux (jumeaux monoamniotiques)	Umbilical cord entanglement / knotting (monoamniotic twins)	enchevêtrement et nouage des cordons avec obstruction circulatoire fœtale	cordons ombilicaux, cavité amniotique commune	grossesse monochorionique monoamniotique, nœud vrai, obstruction veineuse, mort fœtale in utero	inter-cordons, focal au niveau du/des nœuds	entite	Placenta monochorionique monoamniotique (absence de membrane de séparation) avec les deux cordons enchevêtrés l'un autour de l'autre, souvent noués (nœuds vrais uniques ou multiples). Signes d'obstruction chronique : amincissement du cordon en aval, congestion/thromboses des veines de surface placentaire (parfois calcifiées), et selon le cas macération d'un ou des deux fœtus. La proximité des insertions funiculaires n'est pas déterminante ; un enchevêtrement extensif peut exister sans compromission circulatoire à terme.	benirschke ch18	Rodis et al. [641] managed three sets of twins successfully despite their severely knotted cords; they also made suggestions for management.	L'enchevêtrement et le nouage des cordons entre jumeaux monoamniotiques sont abondamment documentés (Benirschke ch16 et ch18, Vogel ch3) comme cause majeure de mortalité périnatale du MoMo ; aucun terme du vocabulaire ne désigne cette lésion inter-cordons (les termes existants portent sur l'architecture MoMo, le cordon bifurqué, la torsion/coarctation d'un cordon unique).
GEMELLAIRE	basse	Détermination de la chorionicité sur la membrane de séparation — nombre de couches / présence de trophoblaste interposé (critère diagnostique)	deja_couverte	oui	Membrane de séparation gémellaire DiDi (coupe histologique)									benirschke ch1	The dividing membranes of DiMo placentas, in contrast, are transparent consisting only of amnion.	Le critère histologique invoqué (nombre de couches, chorion/trophoblaste interposé entre les deux amnios) est précisément la définition des termes déjà présents « Membrane de séparation gémellaire DiDi (coupe histologique) » et « Membrane de séparation gémellaire DiMo (coupe histologique) » (ainsi que leurs synonymes bichoriale-biamniote / monochoriale-diamniote). Il s'agit d'un critère diagnostique de ces structures, non d'une entité distincte à créer.
REDLINE	haute	MIR grade 2 — réponse inflammatoire maternelle sévère (polynucléaires confluents, ≥ 3 foyers)	doublon	oui		MIR Grade 2 — réponse inflammatoire maternelle sévère	MIR Grade 2 — severe maternal inflammatory response	inflammation aiguë sévère confluente (polynucléaires neutrophiles)	membranes chorioamniotiques et zone sous-choriale de la plaque choriale	sévère, confluent, microabcès sous-choriaux, grade 2, réponse maternelle	confluent, plurifocal à diffus	pattern	Gradation (intensité) de la réponse inflammatoire maternelle, indépendante du stade : grade 2 = infiltrat de polynucléaires neutrophiles confluents, et/ou présence de microabcès sous-choriaux (≥ 3 foyers selon la gradation de Redline). Se distingue du grade 1, défini par défaut comme « non sévère ». Correspond histologiquement à un infiltrat dense occupant toute l'épaisseur du chorion et de l'amnios, éventuellement associé à une nécrose du stroma amniotique.	amsterdam ch1	Grade 2—severe: confluent polymorphonuclear leukocytes or with subchorionic microabscesses	Doublon inter-référentiel de la ligne 10 (AMSTERDAM). Amsterdam définit lui-même cette gradation ; REDLINE ne se cite que pour une gradation qu'Amsterdam ne définit pas. Une seule entité à insérer.
REDLINE	moyenne	Microabcès sous-chorionique (critère de sévérité du MIR grade 2)	doublon	oui		Microabcès sous-chorionique (MIR grade 2)	Subchorionic microabscess (maternal inflammatory response grade 2)	Microabcès (collection focale confluente de polynucléaires neutrophiles)	Espace sous-chorial / fibrine sous-choriale de la plaque choriale	aigu, sévère, grade 2 de la réponse inflammatoire maternelle, neutrophilique	focal à multifocal	element	Accumulation focale dense et confluente de polynucléaires neutrophiles formant un abcès dans la fibrine sous-choriale / à la face maternelle de la plaque choriale, dans le cadre d'une inflammation aiguë ascendante. Sa présence, à elle seule ou avec des polynucléaires confluents, suffit à qualifier la réponse inflammatoire maternelle de grade 2 (sévère), quel que soit le stade (1 à 3). À distinguer de l'abcès décidual, des microabcès intervillositaires de la listériose et des microabcès sous-amniotiques du cordon de la candidose.	amsterdam ch1	Grade 2—severe: confluent polymorphonuclear leukocytes or with subchorionic microabscesses	Doublon inter-référentiel de la ligne 12 (AMSTERDAM). Amsterdam définit lui-même cette gradation ; REDLINE ne se cite que pour une gradation qu'Amsterdam ne définit pas. Une seule entité à insérer.
REDLINE	moyenne	VUE haut grade — variante multifocale (patchy) vs variante diffuse	deja_couverte	oui	FOETO:PP.PAR-VAS-023 (VUE High grade)	VUE haut grade — distribution patchy (multifocale) vs diffuse	High-grade VUE — patchy versus diffuse pattern	villite chronique d'étiologie indéterminée de haut grade	villosités distales (intermédiaires et terminales), parenchyme villositaire	haut grade, patchy / multifocal, diffus, ≥ 10 villosités contiguës, > 30 % des villosités distales	multifocal (patchy) ou diffus	pattern	Après avoir établi le haut grade (au moins un foyer de ≥ 10 villosités contiguës atteintes), préciser la distribution : variante patchy = foyers multiples, dont au moins un de ≥ 10 villosités contiguës, sur une ou plusieurs lames ; variante diffuse = plus de 30 % de l'ensemble des villosités distales atteintes. Un foyer unique de ≥ 10 villosités atteintes est rapporté comme « ungradable – possible high grade ». La distribution (parabasale/paraseptale, mi-parenchymateuse aléatoire, sous-choriale) et l'existence d'une oblitération vasculaire des villosités tronculaires doivent être documentées ; la variante de haut grade est corrélée au RCIU, à la MFIU et au risque de récidive (≈ 25 %, avec aggravation du grade aux grossesses suivantes).	amsterdam ch1	High-grade lesions should be further classiﬁed as patchy when there are multiple foci, with at least one focus with 10 or more contiguous villi, and seen in one or more slides; or as diffuse when more than 30% of all distal villi are involved.	La distribution patchy vs diffuse est une facette du haut grade, pas une entité distincte. À porter en qualifieur sur le terme existant.
REDLINE	moyenne	VUE bas grade — variante focale vs variante multifocale	deja_couverte	oui	VUE Low grade									amsterdam ch1	as multifocal when they are present in more than one slide, all foci affecting fewer than 10 contiguous villi.	Les extraits confirment bien la sous-classification focale/multifocale, mais celle-ci est un simple qualificatif de distribution interne à la gradation bas grade (déjà défini par l'exigence de plus d'un foyer), et non une entité nosologique distincte ; « VUE Low grade » la couvre, la formulation « focale vs multifocale » désignant d'ailleurs deux variantes et non une entité unique.
REDLINE	moyenne	Villite chronique tronculaire / des villosités souches (stem villitis)	deja_couverte	oui	Vasculopathie oblitérante fœtale (VCEI)									benirschke ch26	This form of  CV has been termed obliterative fetal vasculopathy and  defined by Redline et al. [67] as “terminal CVUE extending  to stem villi associated with stem villous vasculitis, vascular  occlusion, and loss of vessels in the downstream distal villous  tree.”	La villite chronique atteignant les villosités souches est précisément définie par Redline comme « terminal CVUE extending to stem villi associated with stem villous vasculitis, vascular occlusion... », c'est-à-dire la vasculopathie fœtale oblitérante / villite avec oblitération des vaisseaux tronculaires, déjà codée dans le vocabulaire (« Vasculopathie oblitérante fœtale (VCEI) », doublon « Vasculopathie fœtale oblitérante »). Aucune entité supplémentaire n'est nécessaire.
REDLINE	moyenne	FIR grade 2 — polynucléaires intramuraux quasi confluents avec atténuation/dégénérescence du muscle lisse vasculaire	doublon	oui									Grade 2 (sévérité) de la FIR : polynucléaires intramuraux quasi confluents avec atténuation du muscle lisse vasculaire, dans la paroi des vaisseaux ombilicaux ou choriaux, indépendamment du stade (1 à 3). Le libellé existant devrait être corrigé en « FIR Grade 2 — sévère » et la funiculite nécrosante réservée au stade 3.	amsterdam ch1	Grade 2—severe: near-confluent intramural polymorphonuclear leukocytes with attenuation of vascular smooth muscle	Doublon inter-référentiel de la ligne 17 (AMSTERDAM). Amsterdam définit lui-même cette gradation ; REDLINE ne se cite que pour une gradation qu'Amsterdam ne définit pas. Une seule entité à insérer.
REDLINE	basse	Gradation de sévérité de la MVM (bas grade / haut grade, étendue des lésions)	rejetee	non												Les extraits indiquent explicitement qu'aucun système de gradation de la MVM n'est recommandé (seule une proposition isolée de Mestan et al. existe), et Redline ne définit pas de gradation de la malperfusion maternelle : il ne s'agit donc pas d'une entité nosologique consensuelle à créer. Les composantes de la MVM sont déjà codées individuellement, et la gradation d'ensemble relèverait d'un attribut de synthèse non standardisé.
VOGEL	haute	Arrêt de maturation villositaire (Reifungsarrest / maturation arrest)	confirmee	oui		Arrêt de maturation villositaire (AVM)	Arrest of villous maturation (AVM)	arrêt de la maturation / du branchement villositaire	arbre villositaire (villosités intermédiaires immatures et villosités souches)	villosités intermédiaires immatures groupées, stroma embryonnaire, capillaires rares, épithélium villositaire irrégulier uni- et bistratifié, hypoplasie de la tunica media des villosités souches, gradé 1 à 3 (grades 2-3 : capacité de diffusion limitée)	focal plus souvent que diffus	entite	Groupes de villosités intermédiaires immatures à stroma embryonnaire, pauvres en capillaires, avec revêtement trophoblastique irrégulier uni- à bistratifié ; villosités souches à hypoplasie de la tunica media et vaisseaux hypoplasiques passant à des villosités intermédiaires immatures ; branchement villositaire déficient/défectueux (catégorie 1 de la Table 8.1 : densité de surface villositaire 52 %, vascularisation 23 %, membranes vasculo-syncytiales 29 % des valeurs matures). Distribution plus souvent focale que diffuse. Gradation selon le pourcentage de tissu atteint en MPF : grade I ≤ 10 %, grade II > 10 à < 50 %, grade III > 50 % ; les grades 2 et 3 limitent la capacité de diffusion. À distinguer de l'œuf clair et de la môle embryonnaire en début de grossesse (présence d'axes vasculaires dans les villosités souches, surface choriale lisse, embryon normal avec défaut localisé).	vogel ch11	Arrest of villous maturation is more frequently focal rather than diffuse.	L'arrêt de maturation villositaire (AVM) est la catégorie 1 des 7 troubles de maturation de Vogel, distincte du retard de maturation (RVM, catégorie 2) et de la déficience des villosités intermédiaires (DIV). Aucun terme du vocabulaire ne la désigne : seuls figurent la maturation accélérée, le retard de maturation et l'immaturité/hypoplasie villositaire distale.
VOGEL	haute	Dissociation de maturation villositaire (maturation dissociée)	rejetee	non												Aucun extrait ne documente une entité « maturation dissociée » : Vogel ne retient que 7 troubles de maturation (AVM, RVM, CH I, CH II, DIV, PVI, PrVM) et le référentiel précise explicitement que « maturation dissociée » et « maturation dysharmonieuse » ne sont pas des entités de Vogel. Amsterdam a d'ailleurs écarté les termes de ce type comme non spécifiques au profit de « delayed villous maturation », déjà présent au vocabulaire (Retard de maturation villositaire / Maturation villositaire retardée), dont les critères incluent justement capillaires centraux et raréfaction des membranes vasculo-syncytiales.
VOGEL	haute	Maturation villositaire dysharmonieuse / hétérogène (maturation asynchrone au sein d'un même placenta)	rejetee	non												Le référentiel VOGEL exclut explicitement « maturation dysharmonieuse/dissociée » de ses 7 troubles de maturation, et le consensus d'Amsterdam a écarté « variable villous maturation » comme reflet du pattern villositaire physiologique et « villous maturation defect » comme non spécifique. Ce n'est donc pas une entité nosologique légitime.
VOGEL	moyenne	Placenta de prééclampsie (corrélation clinico-pathologique hypertensive)	rejetee	non												La prééclampsie est un diagnostic clinique maternel (défini par la tension artérielle, la protéinurie et l'atteinte d'organe selon l'ISSHP), non une entité lésionnelle placentaire : les extraits de Vogel ch14 et Khong ch56 la présentent comme une classification clinique, dont le corrélat placentaire est un assemblage de lésions déjà toutes codées (maturation villositaire accélérée, hypoplasie villositaire distale, artériopathie déciduale, athérose aiguë, infarctus, regroupées sous le pattern MVM). Créer un terme de synthèse clinico-pathologique introduirait une étiologie clinique dans un vocabulaire morphologique.
VOGEL	moyenne	Placentopathie diabétique (pattern placentaire du diabète maternel)	rejetee	non												Les extraits décrivent une corrélation clinico-pathologique (diabète maternel) faite de lésions non spécifiques et inconstantes — placentomégalie, troubles de maturation, chorangiose de type II, épaississement des membranes basales — que le corpus lui-même qualifie de non spécifiques et dont chaque composante est déjà codée isolément dans le vocabulaire. Aucun référentiel (Vogel ch. 8/14, Amsterdam, Benirschke) n'individualise une entité nosologique « placentopathie diabétique » ; il s'agit d'un contexte clinique, non d'un diagnostic lésionnel.
VOGEL	moyenne	Pattern placentaire du RCIU (placenta de restriction de croissance)	rejetee	non												Le RCIU est un phénotype clinique fœtal, pas une lésion placentaire : les extraits ne décrivent aucun « pattern placentaire du RCIU » défini comme entité, mais une constellation (hypoplasie placentaire, hypoplasie villositaire distale/déficience des villosités intermédiaires, maturation villositaire accélérée, microdépôts de fibrine, infarctus) dont chaque composante est déjà codée. Créer une entité de corrélation clinique dupliquerait ces termes sans critère histologique propre.
VOGEL	moyenne	Placenta de grossesse prolongée / post-terme (hypermaturité placentaire)	rejetee	non												Les extraits ne décrivent aucune entité nosologique « placenta post-terme / hypermaturité » : la seule occurrence de « hypermaturity » est un synonyme de la maturation accélérée (preterm maturation) dans un contexte de prééclampsie/RCIU, et « postterm placenta » n'apparaît qu'incidemment à propos des macrophages pigmentés. Il s'agit d'un contexte clinique (terme dépassé) et non d'une lésion, dont les composantes morphologiques sont déjà couvertes (maturation villositaire accélérée, nœuds syncytiaux, calcifications, fibrinoïde périvillositaire, sénescence trophoblastique).
VOGEL	basse	Pattern placentaire du tabagisme maternel	confirmee	oui		Pattern placentaire du tabagisme maternel	Placental pattern of maternal smoking (nicotine abuse)	constellation morphologique associée à l'exposition nicotinique (immaturité villositaire périphérique, fibrose stromale focale, hyperplasie des nœuds syncytiaux, microdépôts fibrineux, épaississement de la lame basale trophoblastique)	parenchyme villositaire (villosités intermédiaires périphériques et terminales), espace intervilleux	exposition toxique maternelle, non spécifique, nécessite la donnée clinique, poids placentaire souvent normal ou légèrement diminué	diffus, à prédominance périphérique, non spécifique	pattern	Contexte clinique de tabagisme régulier (≈10–15 cigarettes/jour, éventuellement pré-conceptionnel) INDISPENSABLE, les modifications n'étant pas spécifiques en elles-mêmes. Morphologie : immaturité villositaire périphérique (branchement villositaire régulier mais excès de villosités intermédiaires de type périphérique, développement vasculaire fœtal réduit, rares membranes vasculo-syncytiales) ; fibrose stromale villositaire focale de bas grade, sans oblitération luminale des villosités souches ; augmentation des bourgeons et nœuds nucléaires du syncytiotrophoblaste ; augmentation des microdépôts de fibrine inter- et périvillositaires. Poids et surface placentaires souvent normaux pour l'âge gestationnel (parfois discrètement diminués, avec rapport placentaire/fœtal augmenté). En microscopie électronique : lame basale épaissie sous l'épithélium chorial et fragmentée au contact des capillaires fœtaux, d'où un épaississement de la membrane villositaire limitant la diffusion.	vogel ch14	Placentas from smokers show changes uncharacteristic of gestosis; however, it is not possible to relate the changes to smoking without clinical information.	Vogel ch14 consacre une section (14.14 « Maternal nicotine abuse ») à la constellation placentaire du tabagisme, et le référentiel VOGEL liste explicitement le tabac parmi les corrélations clinico-pathologiques. Aucun terme du vocabulaire ne désigne ce pattern d'association (immaturité villositaire périphérique + fibrose stromale focale + nœuds syncytiaux augmentés + microdépôts fibrineux inter/périvillositaires + épaississement de la lame basale).
